FCTLOG,Serial Number,CUSTOMER,TIME_DATE,PROJECT,RESULT,TEXT1,TEXT2,TEXT3,TEXT4,OPNAME,CDATE
FCTLOG,9977;20217241-0023;0722;10MLA27CDMOT01-B-2,LNK,,LNK908-221376LF,Passed,,19/08/2022 16:03:55,58.7565745,,FCT1,
FCTLOG,9977;20224854-0001;3322;10MLA27CDMOT01-B-2,LNK,,LNK908-221376LF,Passed,,19/08/2022 21:54:12,50.6551158,,FCT1,
FCTLOG,9977;20224854-0020;3322;10MLA27CDMOT01-B-2,LNK,,LNK908-221376LF,Passed,,19/08/2022 22:07:50,50.0668013,,FCT1,
FCTLOG,9977;20224854-0024;3322;10MLA27CDMOT01-B-2,LNK,,LNK908-221376LF,Passed,,19/08/2022 22:10:07,62.9395513,,FCT1,
FCTLOG,9977;20224854-0023;3322;10MLA27CDMOT01-B-2,LNK,,LNK908-221376LF,Passed,,19/08/2022 22:11:43,49.4907514,,FCT1,
FCTLOG,9977;20224854-0022;3322;10MLA27CDMOT01-B-2,LNK,,LNK908-221376LF,Passed,,19/08/2022 22:13:08,49.8505651,,FCT1,
FCTLOG,9977;20224854-0021;3322;10MLA27CDMOT01-B-2,LNK,,LNK908-221376LF,Passed,,19/08/2022 22:14:54,51.5549431,,FCT1,
FCTLOG,9977;20224854-0019;3322;10MLA27CDMOT01-B-2,LNK,,LNK908-221376LF,Passed,,19/08/2022 22:17:10,51.7764981,,FCT1,
FCTLOG,9977;20224854-0018;3322;10MLA27CDMOT01-B-2,LNK,,LNK908-221376LF,Passed,,19/08/2022 22:19:30,66.2927018,,FCT1,
FCTLOG,9977;20224854-0114;3322;10MLA27CDMOT01-B-2,LNK,,LNK908-221376LF,Passed,,19/08/2022 22:21:27,48.4131963,,FCT1,
FCTLOG,9977;20224854-0107;3322;10MLA27CDMOT01-B-2,LNK,,LNK908-221376LF,Passed,,19/08/2022 22:24:04,70.8674125,,FCT1,
FCTLOG,9977;20224854-0109;3322;10MLA27CDMOT01-B-2,LNK,,LNK908-221376LF,Passed,,19/08/2022 22:26:32,104.4188955,,FCT1,
FCTLOG,9977;20224854-0112;3322;10MLA27CDMOT01-B-2,LNK,,LNK908-221376LF,Passed,,19/08/2022 22:27:42,49.473485,,FCT1,
FCTLOG,9977;20224854-0118;3322;10MLA27CDMOT01-B-2,LNK,,LNK908-221376LF,Passed,,19/08/2022 22:29:12,55.0509311,,FCT1,
FCTLOG,9977;20224854-0108;3322;10MLA27CDMOT01-B-2,LNK,,LNK908-221376LF,Passed,,19/08/2022 22:30:51,51.0400887,,FCT1,
FCTLOG,9977;20224854-0116;3322;10MLA27CDMOT01-B-2,LNK,,LNK908-221376LF,Passed,,19/08/2022 22:32:39,58.845546,,FCT1,
FCTLOG,9977;20224854-0101;3322;10MLA27CDMOT01-B-2,LNK,,LNK908-221376LF,Passed,,19/08/2022 22:34:37,55.1002003,,FCT1,
FCTLOG,9977;20224854-0111;3322;10MLA27CDMOT01-B-2,LNK,,LNK908-221376LF,Passed,,19/08/2022 22:36:09,51.9435403,,FCT1,
FCTLOG,9977;20224854-0102;3322;10MLA27CDMOT01-B-2,LNK,,LNK908-221376LF,Passed,,19/08/2022 22:37:30,51.2628506,,FCT1,
FCTLOG,9977;20224854-0106;3322;10MLA27CDMOT01-B-2,LNK,,LNK908-221376LF,Passed,,19/08/2022 22:39:02,74.0846797,,FCT1,
FCTLOG,9977;20224854-0105;3322;10MLA27CDMOT01-B-2,LNK,,LNK908-221376LF,Passed,,19/08/2022 22:40:09,49.1391389,,FCT1,
FCTLOG,9977;20224854-0104;3322;10MLA27CDMOT01-B-2,LNK,,LNK908-221376LF,Passed,,19/08/2022 22:41:27,55.569447,,FCT1,
FCTLOG,9977;20224854-0103;3322;10MLA27CDMOT01-B-2,LNK,,LNK908-221376LF,Passed,,19/08/2022 22:42:45,49.3031756,,FCT1,
FCTLOG,9977;20224854-0110;3322;10MLA27CDMOT01-B-2,LNK,,LNK908-221376LF,Passed,,19/08/2022 22:44:13,51.0750408,,FCT1,
FCTLOG,9977;20224854-0117;3322;10MLA27CDMOT01-B-2,LNK,,LNK908-221376LF,Passed,,19/08/2022 22:45:26,49.0690587,,FCT1,
FCTLOG,9977;20224854-0115;3322;10MLA27CDMOT01-B-2,LNK,,LNK908-221376LF,Passed,,19/08/2022 22:46:41,49.5755888,,FCT1,
FCTLOG,9977;20224854-0113;3322;10MLA27CDMOT01-B-2,LNK,,LNK908-221376LF,Passed,,19/08/2022 22:48:07,55.52639,,FCT1,
FCTLOG,9977;20224854-0095;3322;10MLA27CDMOT01-B-2,LNK,,LNK908-221376LF,Passed,,19/08/2022 22:49:29,52.8366199,,FCT1,
FCTLOG,9977;20224854-0096;3322;10MLA27CDMOT01-B-2,LNK,,LNK908-221376LF,Passed,,19/08/2022 22:50:54,60.2535179,,FCT1,
FCTLOG,9977;20224854-0099;3322;10MLA27CDMOT01-B-2,LNK,,LNK908-221376LF,Passed,,19/08/2022 22:52:19,51.274322,,FCT1,
FCTLOG,9977;20224854-0100;3322;10MLA27CDMOT01-B-2,LNK,,LNK908-221376LF,Passed,,19/08/2022 22:54:15,49.2302976,,FCT1,
FCTLOG,9977;20224854-0097;3322;10MLA27CDMOT01-B-2,LNK,,LNK908-221376LF,Passed,,19/08/2022 22:55:52,49.0238929,,FCT1,
FCTLOG,9977;20224854-0098;3322;10MLA27CDMOT01-B-2,LNK,,LNK908-221376LF,Passed,,19/08/2022 22:57:09,49.725549,,FCT1,
FCTLOG,9977;20224854-0087;3322;10MLA27CDMOT01-B-2,LNK,,LNK908-221376LF,Passed,,19/08/2022 22:58:31,49.4004463,,FCT1,
FCTLOG,9977;20224854-0089;3322;10MLA27CDMOT01-B-2,LNK,,LNK908-221376LF,Passed,,19/08/2022 22:59:59,60.7203449,,FCT1,
FCTLOG,9977;20224854-0085;3322;10MLA27CDMOT01-B-2,LNK,,LNK908-221376LF,Passed,,19/08/2022 23:02:17,56.574177,,FCT1,
FCTLOG,9977;20224854-0084;3322;10MLA27CDMOT01-B-2,LNK,,LNK908-221376LF,Passed,,19/08/2022 23:03:38,48.9772497,,FCT1,
FCTLOG,9977;20224854-0086;3322;10MLA27CDMOT01-B-2,LNK,,LNK908-221376LF,Passed,,19/08/2022 23:05:04,55.0023125,,FCT1,
FCTLOG,9977;20224854-0088;3322;10MLA27CDMOT01-B-2,LNK,,LNK908-221376LF,Passed,,19/08/2022 23:06:18,49.2153462,,FCT1,
FCTLOG,9977;20224854-0093;3322;10MLA27CDMOT01-B-2,LNK,,LNK908-221376LF,Passed,,19/08/2022 23:17:36,77.1937125,,FCT1,
FCTLOG,9977;20224854-0092;3322;10MLA27CDMOT01-B-2,LNK,,LNK908-221376LF,Passed,,19/08/2022 23:19:12,70.0301222,,FCT1,
FCTLOG,9977;20224854-0094;3322;10MLA27CDMOT01-B-2,LNK,,LNK908-221376LF,Passed,,19/08/2022 23:23:15,51.7699365,,FCT1,
FCTLOG,9977;20224854-0091;3322;10MLA27CDMOT01-B-2,LNK,,LNK908-221376LF,Passed,,19/08/2022 23:24:25,48.2725064,,FCT1,
FCTLOG,9977;20224854-0090;3322;10MLA27CDMOT01-B-2,LNK,,LNK908-221376LF,Passed,,19/08/2022 23:25:59,74.4670323,,FCT1,
FCTLOG,9977;20224854-0124;3322;10MLA27CDMOT01-B-2,LNK,,LNK908-221376LF,Passed,,19/08/2022 23:27:20,60.7001701,,FCT1,
FCTLOG,9977;20224854-0123;3322;10MLA27CDMOT01-B-2,LNK,,LNK908-221376LF,Passed,,19/08/2022 23:28:37,61.1259874,,FCT1,
FCTLOG,9977;20224854-0119;3322;10MLA27CDMOT01-B-2,LNK,,LNK908-221376LF,Passed,,19/08/2022 23:30:01,67.8892346,,FCT1,
FCTLOG,9977;20224854-0122;3322;10MLA27CDMOT01-B-2,LNK,,LNK908-221376LF,Passed,,19/08/2022 23:31:28,71.8365519,,FCT1,
FCTLOG,9977;20224854-0081;3322;10MLA27CDMOT01-B-2,LNK,,LNK908-221376LF,Passed,,19/08/2022 23:32:44,61.5874617,,FCT1,
FCTLOG,9977;20224854-0082;3322;10MLA27CDMOT01-B-2,LNK,,LNK908-221376LF,Passed,,19/08/2022 23:33:59,61.5730821,,FCT1,
FCTLOG,9977;20224854-0121;3322;10MLA27CDMOT01-B-2,LNK,,LNK908-221376LF,Passed,,19/08/2022 23:35:26,57.5471683,,FCT1,
FCTLOG,9977;20224854-0080;3322;10MLA27CDMOT01-B-2,LNK,,LNK908-221376LF,Passed,,19/08/2022 23:37:06,87.8924024,,FCT1,
FCTLOG,9977;20224854-0120;3322;10MLA27CDMOT01-B-2,LNK,,LNK908-221376LF,Passed,,19/08/2022 23:38:24,63.512412,,FCT1,
FCTLOG,9977;20224854-0079;3322;10MLA27CDMOT01-B-2,LNK,,LNK908-221376LF,Passed,,19/08/2022 23:39:37,58.288969,,FCT1,
FCTLOG,9977;20224854-0049;3322;10MLA27CDMOT01-B-2,LNK,,LNK908-221376LF,Passed,,19/08/2022 23:40:48,57.5884619,,FCT1,
FCTLOG,9977;20224854-0061;3322;10MLA27CDMOT01-B-2,LNK,,LNK908-221376LF,Passed,,19/08/2022 23:44:30,61.0099959,,FCT1,
FCTLOG,9977;20224854-0059;3322;10MLA27CDMOT01-B-2,LNK,,LNK908-221376LF,Passed,,19/08/2022 23:45:33,49.3813916,,FCT1,
FCTLOG,9977;20224854-0055;3322;10MLA27CDMOT01-B-2,LNK,,LNK908-221376LF,Passed,,19/08/2022 23:46:45,59.4513265,,FCT1,
FCTLOG,9977;20224854-0050;3322;10MLA27CDMOT01-B-2,LNK,,LNK908-221376LF,Passed,,19/08/2022 23:48:00,59.476814,,FCT1,
FCTLOG,9977;20224854-0041;3322;10MLA27CDMOT01-B-2,LNK,,LNK908-221376LF,Passed,,19/08/2022 23:49:14,59.4434584,,FCT1,
FCTLOG,9977;20224854-0056;3322;10MLA27CDMOT01-B-2,LNK,,LNK908-221376LF,Passed,,19/08/2022 23:50:32,57.8257018,,FCT1,
FCTLOG,9977;20224854-0048;3322;10MLA27CDMOT01-B-2,LNK,,LNK908-221376LF,Passed,,19/08/2022 23:51:32,48.2825887,,FCT1,
FCTLOG,9977;20224854-0083;3322;10MLA27CDMOT01-B-2,LNK,,LNK908-221376LF,Passed,,19/08/2022 23:52:45,63.4267439,,FCT1,
FCTLOG,9977;20224854-0144;3322;10MLA27CDMOT01-B-2,LNK,,LNK908-221376LF,Passed,,19/08/2022 23:53:58,58.0719599,,FCT1,
FCTLOG,9977;20224854-0145;3322;10MLA27CDMOT01-B-2,LNK,,LNK908-221376LF,Passed,,19/08/2022 23:55:20,48.333886,,FCT1,
FCTLOG,9977;20224854-0159;3322;10MLA27CDMOT01-B-2,LNK,,LNK908-221376LF,Passed,,19/08/2022 23:56:29,56.7130141,,FCT1,
FCTLOG,9977;20224854-0157;3322;10MLA27CDMOT01-B-2,LNK,,LNK908-221376LF,Passed,,19/08/2022 23:57:40,58.3014122,,FCT1,
FCTLOG,9977;20224854-0160;3322;10MLA27CDMOT01-B-2,LNK,,LNK908-221376LF,Passed,,19/08/2022 23:58:43,49.4898931,,FCT1,
FCTLOG,9977;20224854-0139;3322;10MLA27CDMOT01-B-2,LNK,,LNK908-221376LF,Passed,,20/08/2022 00:00:02,64.4616876,,FCT1,
FCTLOG,9977;20224854-0155;3322;10MLA27CDMOT01-B-2,LNK,,LNK908-221376LF,Passed,,20/08/2022 00:01:03,49.3741718,,FCT1,
FCTLOG,9977;20224854-0140;3322;10MLA27CDMOT01-B-2,LNK,,LNK908-221376LF,Passed,,20/08/2022 00:02:13,56.6333546,,FCT1,
FCTLOG,9977;20224854-0146;3322;10MLA27CDMOT01-B-2,LNK,,LNK908-221376LF,Passed,,20/08/2022 00:03:26,58.7891049,,FCT1,
FCTLOG,9977;20224854-0153;3322;10MLA27CDMOT01-B-2,LNK,,LNK908-221376LF,Passed,,20/08/2022 00:04:36,57.2307204,,FCT1,
FCTLOG,9977;20224854-0156;3322;10MLA27CDMOT01-B-2,LNK,,LNK908-221376LF,Passed,,20/08/2022 00:05:48,48.3040678,,FCT1,
FCTLOG,9977;20224854-0077;3322;10MLA27CDMOT01-B-2,LNK,,LNK908-221376LF,Passed,,20/08/2022 00:07:04,64.3464695,,FCT1,
FCTLOG,9977;20224854-0161;3322;10MLA27CDMOT01-B-2,LNK,,LNK908-221376LF,Passed,,20/08/2022 00:08:13,56.9427259,,FCT1,
FCTLOG,9977;20224854-0158;3322;10MLA27CDMOT01-B-2,LNK,,LNK908-221376LF,Passed,,20/08/2022 00:09:17,52.9220523,,FCT1,
FCTLOG,9977;20224854-0141;3322;10MLA27CDMOT01-B-2,LNK,,LNK908-221376LF,Passed,,20/08/2022 00:10:26,57.8858067,,FCT1,
FCTLOG,9977;20224854-0132;3322;10MLA27CDMOT01-B-2,LNK,,LNK908-221376LF,Passed,,20/08/2022 00:11:26,49.2639125,,FCT1,
FCTLOG,9977;20224854-0143;3322;10MLA27CDMOT01-B-2,LNK,,LNK908-221376LF,Passed,,20/08/2022 00:12:38,57.1564092,,FCT1,
FCTLOG,9977;20224854-0138;3322;10MLA27CDMOT01-B-2,LNK,,LNK908-221376LF,Passed,,20/08/2022 00:13:45,55.7006752,,FCT1,
FCTLOG,9977;20224854-0135;3322;10MLA27CDMOT01-B-2,LNK,,LNK908-221376LF,Passed,,20/08/2022 00:14:55,55.3865744,,FCT1,
FCTLOG,9977;20224854-0142;3322;10MLA27CDMOT01-B-2,LNK,,LNK908-221376LF,Passed,,20/08/2022 00:16:01,54.1157433,,FCT1,
FCTLOG,9977;20224854-0154;3322;10MLA27CDMOT01-B-2,LNK,,LNK908-221376LF,Passed,,20/08/2022 00:17:25,51.9073098,,FCT1,
FCTLOG,9977;20224854-0136;3322;10MLA27CDMOT01-B-2,LNK,,LNK908-221376LF,Passed,,20/08/2022 00:18:32,48.1202947,,FCT1,
FCTLOG,9977;20224854-0137;3322;10MLA27CDMOT01-B-2,LNK,,LNK908-221376LF,Passed,,20/08/2022 00:19:55,52.5495201,,FCT1,
FCTLOG,9977;20224854-0152;3322;10MLA27CDMOT01-B-2,LNK,,LNK908-221376LF,Passed,,20/08/2022 00:21:52,52.564425,,FCT1,
FCTLOG,9977;20224854-0134;3322;10MLA27CDMOT01-B-2,LNK,,LNK908-221376LF,Passed,,20/08/2022 00:24:49,105.8715272,,FCT1,
FCTLOG,9977;20224854-0131;3322;10MLA27CDMOT01-B-2,LNK,,LNK908-221376LF,Passed,,20/08/2022 00:26:35,48.7210186,,FCT1,
FCTLOG,9977;20224854-0076;3322;10MLA27CDMOT01-B-2,LNK,,LNK908-221376LF,Passed,,20/08/2022 00:28:01,48.9625812,,FCT1,
FCTLOG,9977;20224854-0074;3322;10MLA27CDMOT01-B-2,LNK,,LNK908-221376LF,Passed,,20/08/2022 00:29:17,49.091035,,FCT1,
FCTLOG,9977;20224854-0073;3322;10MLA27CDMOT01-B-2,LNK,,LNK908-221376LF,Passed,,20/08/2022 00:30:22,51.0527778,,FCT1,
FCTLOG,9977;20224854-0151;3322;10MLA27CDMOT01-B-2,LNK,,LNK908-221376LF,Passed,,20/08/2022 00:39:32,54.5233718,,FCT1,
FCTLOG,9977;20224854-0162;3322;10MLA27CDMOT01-B-2,LNK,,LNK908-221376LF,Passed,,20/08/2022 00:40:50,57.0969122,,FCT1,
FCTLOG,9977;20224854-0147;3322;10MLA27CDMOT01-B-2,LNK,,LNK908-221376LF,Passed,,20/08/2022 00:42:06,48.1263479,,FCT1,
FCTLOG,9977;20224854-0164;3322;10MLA27CDMOT01-B-2,LNK,,LNK908-221376LF,Passed,,20/08/2022 00:43:18,56.014759,,FCT1,
FCTLOG,9977;20224854-0067;3322;10MLA27CDMOT01-B-2,LNK,,LNK908-221376LF,Passed,,20/08/2022 00:44:37,49.2566142,,FCT1,
FCTLOG,9977;20224854-0173;3322;10MLA27CDMOT01-B-2,LNK,,LNK908-221376LF,Passed,,20/08/2022 00:46:17,51.877383,,FCT1,
FCTLOG,9977;20224854-0167;3322;10MLA27CDMOT01-B-2,LNK,,LNK908-221376LF,Passed,,20/08/2022 00:47:32,58.5425488,,FCT1,
FCTLOG,9977;20224854-0182;3322;10MLA27CDMOT01-B-2,LNK,,LNK908-221376LF,Passed,,20/08/2022 00:49:03,60.3420553,,FCT1,
FCTLOG,9977;20224854-0174;3322;10MLA27CDMOT01-B-2,LNK,,LNK908-221376LF,Passed,,20/08/2022 00:51:05,98.7056082,,FCT1,
FCTLOG,9977;20224854-0175;3322;10MLA27CDMOT01-B-2,LNK,,LNK908-221376LF,Passed,,20/08/2022 01:01:22,49.5204846,,FCT1,
FCTLOG,9977;20224854-0176;3322;10MLA27CDMOT01-B-2,LNK,,LNK908-221376LF,Passed,,20/08/2022 01:02:40,50.1264289,,FCT1,
FCTLOG,9977;20224854-0166;3322;10MLA27CDMOT01-B-2,LNK,,LNK908-221376LF,Passed,,20/08/2022 01:03:48,51.6240571,,FCT1,
FCTLOG,9977;20224854-0172;3322;10MLA27CDMOT01-B-2,LNK,,LNK908-221376LF,Passed,,20/08/2022 01:05:08,50.7973569,,FCT1,
FCTLOG,9977;20224854-0171;3322;10MLA27CDMOT01-B-2,LNK,,LNK908-221376LF,Passed,,20/08/2022 01:06:23,52.6704987,,FCT1,
FCTLOG,9977;20224854-0170;3322;10MLA27CDMOT01-B-2,LNK,,LNK908-221376LF,Passed,,20/08/2022 01:07:29,51.8662212,,FCT1,
FCTLOG,9977;20224854-0169;3322;10MLA27CDMOT01-B-2,LNK,,LNK908-221376LF,Passed,,20/08/2022 01:08:51,50.1650505,,FCT1,
FCTLOG,9977;20224854-0168;3322;10MLA27CDMOT01-B-2,LNK,,LNK908-221376LF,Passed,,20/08/2022 01:10:00,49.0903945,,FCT1,
FCTLOG,9977;20224854-0188;3322;10MLA27CDMOT01-B-2,LNK,,LNK908-221376LF,Passed,,20/08/2022 01:11:37,53.443745,,FCT1,
FCTLOG,9977;20224854-0187;3322;10MLA27CDMOT01-B-2,LNK,,LNK908-221376LF,Passed,,20/08/2022 01:12:43,48.7153889,,FCT1,
FCTLOG,9977;20224854-0068;3322;10MLA27CDMOT01-B-2,LNK,,LNK908-221376LF,Passed,,20/08/2022 01:13:45,48.1130871,,FCT1,
FCTLOG,9977;20224854-0177;3322;10MLA27CDMOT01-B-2,LNK,,LNK908-221376LF,Passed,,20/08/2022 01:14:51,48.3346727,,FCT1,
FCTLOG,9977;20224854-0178;3322;10MLA27CDMOT01-B-2,LNK,,LNK908-221376LF,Passed,,20/08/2022 01:15:55,48.1327889,,FCT1,
FCTLOG,9977;20224854-0193;3322;10MLA27CDMOT01-B-2,LNK,,LNK908-221376LF,Passed,,20/08/2022 01:17:28,60.5299392,,FCT1,
FCTLOG,9977;20224854-0069;3322;10MLA27CDMOT01-B-2,LNK,,LNK908-221376LF,Passed,,20/08/2022 01:18:33,52.023511,,FCT1,
FCTLOG,9977;20224854-0070;3322;10MLA27CDMOT01-B-2,LNK,,LNK908-221376LF,Passed,,20/08/2022 01:20:07,54.2929544,,FCT1,
FCTLOG,9977;20224854-0066;3322;10MLA27CDMOT01-B-2,LNK,,LNK908-221376LF,Passed,,20/08/2022 01:21:19,50.6096913,,FCT1,
FCTLOG,9977;20224854-0065;3322;10MLA27CDMOT01-B-2,LNK,,LNK908-221376LF,Passed,,20/08/2022 01:22:39,50.1051266,,FCT1,
FCTLOG,9977;20224854-0189;3322;10MLA27CDMOT01-B-2,LNK,,LNK908-221376LF,Passed,,20/08/2022 01:23:43,50.4880851,,FCT1,
FCTLOG,9977;20224854-0191;3322;10MLA27CDMOT01-B-2,LNK,,LNK908-221376LF,Passed,,20/08/2022 01:25:02,48.4855427,,FCT1,
FCTLOG,9977;20224854-0192;3322;10MLA27CDMOT01-B-2,LNK,,LNK908-221376LF,Passed,,20/08/2022 01:26:17,48.8140407,,FCT1,
FCTLOG,9977;20224854-0075;3322;10MLA27CDMOT01-B-2,LNK,,LNK908-221376LF,Passed,,20/08/2022 01:27:20,48.8989448,,FCT1,
FCTLOG,9977;20224854-0071;3322;10MLA27CDMOT01-B-2,LNK,,LNK908-221376LF,Passed,,20/08/2022 01:28:28,48.7064375,,FCT1,
FCTLOG,9977;20224854-0148;3322;10MLA27CDMOT01-B-2,LNK,,LNK908-221376LF,Passed,,20/08/2022 01:30:23,48.9535087,,FCT1,
FCTLOG,9977;20224854-0150;3322;10MLA27CDMOT01-B-2,LNK,,LNK908-221376LF,Passed,,20/08/2022 01:31:25,48.8342595,,FCT1,
FCTLOG,9977;20224854-0133;3322;10MLA27CDMOT01-B-2,LNK,,LNK908-221376LF,Passed,,20/08/2022 01:34:05,49.3369285,,FCT1,
FCTLOG,9977;20224854-0149;3322;10MLA27CDMOT01-B-2,LNK,,LNK908-221376LF,Passed,,20/08/2022 01:36:21,51.1640659,,FCT1,
FCTLOG,9977;20224854-0180;3322;10MLA27CDMOT01-B-2,LNK,,LNK908-221376LF,Passed,,20/08/2022 01:37:31,50.0189099,,FCT1,
FCTLOG,9977;20224854-0179;3322;10MLA27CDMOT01-B-2,LNK,,LNK908-221376LF,Passed,,20/08/2022 01:38:34,49.0521805,,FCT1,
FCTLOG,9977;20224854-0165;3322;10MLA27CDMOT01-B-2,LNK,,LNK908-221376LF,Passed,,20/08/2022 01:39:59,49.1705945,,FCT1,
FCTLOG,9977;20224854-0163;3322;10MLA27CDMOT01-B-2,LNK,,LNK908-221376LF,Passed,,20/08/2022 01:41:07,49.6456813,,FCT1,
FCTLOG,9977;20224854-0194;3322;10MLA27CDMOT01-B-2,LNK,,LNK908-221376LF,Passed,,20/08/2022 01:43:11,50.3548777,,FCT1,
FCTLOG,9977;20224854-0072;3322;10MLA27CDMOT01-B-2,LNK,,LNK908-221376LF,Passed,,20/08/2022 01:44:43,51.0592024,,FCT1,
FCTLOG,9977;20224854-0186;3322;10MLA27CDMOT01-B-2,LNK,,LNK908-221376LF,Passed,,20/08/2022 01:45:45,48.7818224,,FCT1,
FCTLOG,9977;20224854-0181;3322;10MLA27CDMOT01-B-2,LNK,,LNK908-221376LF,Passed,,20/08/2022 01:49:53,48.9865277,,FCT1,
FCTLOG,9977;20224854-0190;3322;10MLA27CDMOT01-B-2,LNK,,LNK908-221376LF,Passed,,20/08/2022 01:50:58,48.6525184,,FCT1,
FCTLOG,9977;20224854-0183;3322;10MLA27CDMOT01-B-2,LNK,,LNK908-221376LF,Passed,,20/08/2022 01:52:37,48.8249869,,FCT1,
FCTLOG,9977;20224854-0184;3322;10MLA27CDMOT01-B-2,LNK,,LNK908-221376LF,Passed,,20/08/2022 01:53:43,49.0576943,,FCT1,
FCTLOG,9977;20224854-0284;3322;10MLA27CDMOT01-B-2,LNK,,LNK908-221376LF,Passed,,20/08/2022 01:54:58,49.8325924,,FCT1,
FCTLOG,9977;20224854-0288;3322;10MLA27CDMOT01-B-2,LNK,,LNK908-221376LF,Passed,,20/08/2022 01:56:20,48.7325023,,FCT1,
FCTLOG,9977;20224854-0185;3322;10MLA27CDMOT01-B-2,LNK,,LNK908-221376LF,Passed,,20/08/2022 01:57:22,50.3819135,,FCT1,
FCTLOG,9977;20224854-0282;3322;10MLA27CDMOT01-B-2,LNK,,LNK908-221376LF,Passed,,20/08/2022 01:58:36,48.6919665,,FCT1,
FCTLOG,9977;20224854-0278;3322;10MLA27CDMOT01-B-2,LNK,,LNK908-221376LF,Passed,,20/08/2022 01:59:57,48.7520811,,FCT1,
FCTLOG,9977;20224854-0280;3322;10MLA27CDMOT01-B-2,LNK,,LNK908-221376LF,Passed,,20/08/2022 02:01:08,49.28307,,FCT1,
FCTLOG,9977;20224854-0281;3322;10MLA27CDMOT01-B-2,LNK,,LNK908-221376LF,Passed,,20/08/2022 02:02:08,48.2151746,,FCT1,
FCTLOG,9977;20224854-0275;3322;10MLA27CDMOT01-B-2,LNK,,LNK908-221376LF,Passed,,20/08/2022 02:03:12,48.1056255,,FCT1,
FCTLOG,9977;20224854-0283;3322;10MLA27CDMOT01-B-2,LNK,,LNK908-221376LF,Passed,,20/08/2022 02:04:16,47.9987247,,FCT1,
FCTLOG,9977;20224854-0279;3322;10MLA27CDMOT01-B-2,LNK,,LNK908-221376LF,Passed,,20/08/2022 02:05:15,48.2622405,,FCT1,
FCTLOG,9977;20224854-0276;3322;10MLA27CDMOT01-B-2,LNK,,LNK908-221376LF,Passed,,20/08/2022 02:06:17,48.1710792,,FCT1,
FCTLOG,9977;20224854-0289;3322;10MLA27CDMOT01-B-2,LNK,,LNK908-221376LF,Passed,,20/08/2022 02:07:16,48.4028063,,FCT1,
FCTLOG,9977;20224854-0274;3322;10MLA27CDMOT01-B-2,LNK,,LNK908-221376LF,Passed,,20/08/2022 02:08:15,48.0859813,,FCT1,
FCTLOG,9977;20224854-0286;3322;10MLA27CDMOT01-B-2,LNK,,LNK908-221376LF,Passed,,20/08/2022 02:09:15,48.2691417,,FCT1,
FCTLOG,9977;20224854-0285;3322;10MLA27CDMOT01-B-2,LNK,,LNK908-221376LF,Passed,,20/08/2022 02:10:15,48.2139613,,FCT1,
FCTLOG,9977;20224854-0277;3322;10MLA27CDMOT01-B-2,LNK,,LNK908-221376LF,Passed,,20/08/2022 02:11:14,48.2476249,,FCT1,
FCTLOG,9977;20224854-0273;3322;10MLA27CDMOT01-B-2,LNK,,LNK908-221376LF,Passed,,20/08/2022 02:12:14,48.27837,,FCT1,
FCTLOG,9977;20224854-0287;3322;10MLA27CDMOT01-B-2,LNK,,LNK908-221376LF,Passed,,20/08/2022 02:13:49,48.3837823,,FCT1,
FCTLOG,9977;20224854-0290;3322;10MLA27CDMOT01-B-2,LNK,,LNK908-221376LF,Passed,,20/08/2022 02:15:00,48.754824,,FCT1,
FCTLOG,9977;20224854-0271;3322;10MLA27CDMOT01-B-2,LNK,,LNK908-221376LF,Passed,,20/08/2022 02:16:08,49.0165035,,FCT1,
FCTLOG,9977;20224854-0270;3322;10MLA27CDMOT01-B-2,LNK,,LNK908-221376LF,Passed,,20/08/2022 02:17:16,48.2412765,,FCT1,
FCTLOG,9977;20224854-0269;3322;10MLA27CDMOT01-B-2,LNK,,LNK908-221376LF,Passed,,20/08/2022 02:18:28,48.5381048,,FCT1,
FCTLOG,9977;20224854-0268;3322;10MLA27CDMOT01-B-2,LNK,,LNK908-221376LF,Passed,,20/08/2022 02:19:36,48.2629616,,FCT1,
FCTLOG,9977;20224854-0272;3322;10MLA27CDMOT01-B-2,LNK,,LNK908-221376LF,Passed,,20/08/2022 02:20:39,48.2890618,,FCT1,
FCTLOG,9977;20224854-0267;3322;10MLA27CDMOT01-B-2,LNK,,LNK908-221376LF,Passed,,20/08/2022 02:21:41,48.308267,,FCT1,
FCTLOG,9977;20224854-0259;3322;10MLA27CDMOT01-B-2,LNK,,LNK908-221376LF,Passed,,20/08/2022 02:22:45,48.2045262,,FCT1,
FCTLOG,9977;20224854-0257;3322;10MLA27CDMOT01-B-2,LNK,,LNK908-221376LF,Passed,,20/08/2022 02:24:00,48.4059051,,FCT1,
FCTLOG,9977;20224854-0256;3322;10MLA27CDMOT01-B-2,LNK,,LNK908-221376LF,Passed,,20/08/2022 02:25:02,48.1331835,,FCT1,
FCTLOG,9977;20224854-0255;3322;10MLA27CDMOT01-B-2,LNK,,LNK908-221376LF,Passed,,20/08/2022 02:26:03,48.278217,,FCT1,
FCTLOG,9977;20224854-0260;3322;10MLA27CDMOT01-B-2,LNK,,LNK908-221376LF,Passed,,20/08/2022 02:27:07,48.2233542,,FCT1,
FCTLOG,9977;20224854-0258;3322;10MLA27CDMOT01-B-2,LNK,,LNK908-221376LF,Passed,,20/08/2022 02:28:23,48.1608393,,FCT1,
FCTLOG,9977;20224854-0266;3322;10MLA27CDMOT01-B-2,LNK,,LNK908-221376LF,Passed,,20/08/2022 02:29:26,48.3395637,,FCT1,
FCTLOG,9977;20224854-0263;3322;10MLA27CDMOT01-B-2,LNK,,LNK908-221376LF,Passed,,20/08/2022 02:30:29,48.1564543,,FCT1,
FCTLOG,9977;20224854-0254;3322;10MLA27CDMOT01-B-2,LNK,,LNK908-221376LF,Passed,,20/08/2022 02:31:32,48.3469509,,FCT1,
FCTLOG,9977;20224854-0250;3322;10MLA27CDMOT01-B-2,LNK,,LNK908-221376LF,Passed,,20/08/2022 02:32:39,48.6820439,,FCT1,
FCTLOG,9977;20224854-0261;3322;10MLA27CDMOT01-B-2,LNK,,LNK908-221376LF,Passed,,20/08/2022 02:33:42,50.9650699,,FCT1,
FCTLOG,9977;20224854-0264;3322;10MLA27CDMOT01-B-2,LNK,,LNK908-221376LF,Passed,,20/08/2022 02:34:43,49.703511,,FCT1,
FCTLOG,9977;20224854-0249;3322;10MLA27CDMOT01-B-2,LNK,,LNK908-221376LF,Passed,,20/08/2022 02:35:45,48.2171805,,FCT1,
FCTLOG,9977;20224854-0248;3322;10MLA27CDMOT01-B-2,LNK,,LNK908-221376LF,Passed,,20/08/2022 02:36:48,48.3077888,,FCT1,
FCTLOG,9977;20224854-0262;3322;10MLA27CDMOT01-B-2,LNK,,LNK908-221376LF,Passed,,20/08/2022 02:38:04,47.9557198,,FCT1,
FCTLOG,9977;20224854-0251;3322;10MLA27CDMOT01-B-2,LNK,,LNK908-221376LF,Passed,,20/08/2022 02:39:06,48.0114424,,FCT1,
FCTLOG,9977;20224854-0265;3322;10MLA27CDMOT01-B-2,LNK,,LNK908-221376LF,Passed,,20/08/2022 02:40:09,48.1727541,,FCT1,
FCTLOG,9977;20224854-0253;3322;10MLA27CDMOT01-B-2,LNK,,LNK908-221376LF,Passed,,20/08/2022 02:41:27,48.0932679,,FCT1,
FCTLOG,9977;20224854-0247;3322;10MLA27CDMOT01-B-2,LNK,,LNK908-221376LF,Passed,,20/08/2022 02:42:29,49.3412002,,FCT1,
FCTLOG,9977;20224854-0252;3322;10MLA27CDMOT01-B-2,LNK,,LNK908-221376LF,Passed,,20/08/2022 02:43:32,48.2056253,,FCT1,
FCTLOG,9977;20224854-0244;3322;10MLA27CDMOT01-B-2,LNK,,LNK908-221376LF,Passed,,20/08/2022 02:44:32,48.2897596,,FCT1,
FCTLOG,9977;20224854-0245;3322;10MLA27CDMOT01-B-2,LNK,,LNK908-221376LF,Passed,,20/08/2022 02:45:34,49.1321094,,FCT1,
FCTLOG,9977;20224854-0243;3322;10MLA27CDMOT01-B-2,LNK,,LNK908-221376LF,Passed,,20/08/2022 02:46:36,48.2671006,,FCT1,
FCTLOG,9977;20224854-0246;3322;10MLA27CDMOT01-B-2,LNK,,LNK908-221376LF,Passed,,20/08/2022 02:47:42,49.5767803,,FCT1,
FCTLOG,9977;20224854-0232;3322;10MLA27CDMOT01-B-2,LNK,,LNK908-221376LF,Passed,,20/08/2022 02:48:47,48.3559056,,FCT1,
FCTLOG,9977;20224854-0231;3322;10MLA27CDMOT01-B-2,LNK,,LNK908-221376LF,Passed,,20/08/2022 02:50:03,52.6106406,,FCT1,
FCTLOG,9977;20224854-0233;3322;10MLA27CDMOT01-B-2,LNK,,LNK908-221376LF,Passed,,20/08/2022 02:51:11,50.6640571,,FCT1,
FCTLOG,9977;20224854-0234;3322;10MLA27CDMOT01-B-2,LNK,,LNK908-221376LF,Passed,,20/08/2022 02:53:45,48.9183124,,FCT1,
FCTLOG,9977;20224854-0238;3322;10MLA27CDMOT01-B-2,LNK,,LNK908-221376LF,Passed,,20/08/2022 02:55:13,49.5657646,,FCT1,
FCTLOG,9977;20224854-0235;3322;10MLA27CDMOT01-B-2,LNK,,LNK908-221376LF,Passed,,20/08/2022 02:56:35,51.8675805,,FCT1,
FCTLOG,9977;20224854-0236;3322;10MLA27CDMOT01-B-2,LNK,,LNK908-221376LF,Passed,,20/08/2022 02:57:52,48.889958,,FCT1,
FCTLOG,9977;20224854-0241;3322;10MLA27CDMOT01-B-2,LNK,,LNK908-221376LF,Passed,,20/08/2022 03:02:16,49.0953562,,FCT1,
FCTLOG,9977;20224854-0237;3322;10MLA27CDMOT01-B-2,LNK,,LNK908-221376LF,Passed,,20/08/2022 03:04:09,49.6775282,,FCT1,
FCTLOG,9977;20224854-0239;3322;10MLA27CDMOT01-B-2,LNK,,LNK908-221376LF,Passed,,20/08/2022 03:06:09,54.8793523,,FCT1,
FCTLOG,9977;20224854-0240;3322;10MLA27CDMOT01-B-2,LNK,,LNK908-221376LF,Passed,,20/08/2022 03:14:52,60.399396,,FCT1,
FCTLOG,9977;20224854-0242;3322;10MLA27CDMOT01-B-2,LNK,,LNK908-221376LF,Passed,,20/08/2022 03:16:08,62.0407167,,FCT1,
FCTLOG,9977;20224854-0220;3322;10MLA27CDMOT01-B-2,LNK,,LNK908-221376LF,Passed,,20/08/2022 03:17:23,54.1444279,,FCT1,
FCTLOG,9977;20224854-0219;3322;10MLA27CDMOT01-B-2,LNK,,LNK908-221376LF,Passed,,20/08/2022 03:18:38,60.9022808,,FCT1,
FCTLOG,9977;20224854-0224;3322;10MLA27CDMOT01-B-2,LNK,,LNK908-221376LF,Passed,,20/08/2022 03:19:43,52.6317528,,FCT1,
FCTLOG,9977;20224854-0223;3322;10MLA27CDMOT01-B-2,LNK,,LNK908-221376LF,Passed,,20/08/2022 03:20:51,50.723199,,FCT1,
FCTLOG,9977;20224854-0222;3322;10MLA27CDMOT01-B-2,LNK,,LNK908-221376LF,Passed,,20/08/2022 03:21:56,51.879113,,FCT1,
FCTLOG,9977;20224854-0221;3322;10MLA27CDMOT01-B-2,LNK,,LNK908-221376LF,Passed,,20/08/2022 03:23:16,60.2863154,,FCT1,
FCTLOG,9977;20224854-0227;3322;10MLA27CDMOT01-B-2,LNK,,LNK908-221376LF,Passed,,20/08/2022 03:24:26,56.4876771,,FCT1,
FCTLOG,9977;20224854-0226;3322;10MLA27CDMOT01-B-2,LNK,,LNK908-221376LF,Passed,,20/08/2022 03:25:49,62.4598982,,FCT1,
FCTLOG,9977;20224854-0230;3322;10MLA27CDMOT01-B-2,LNK,,LNK908-221376LF,Passed,,20/08/2022 03:26:57,56.4419934,,FCT1,
FCTLOG,9977;20224854-0229;3322;10MLA27CDMOT01-B-2,LNK,,LNK908-221376LF,Passed,,20/08/2022 03:28:07,57.3251644,,FCT1,
FCTLOG,9977;20224854-0212;3322;10MLA27CDMOT01-B-2,LNK,,LNK908-221376LF,Passed,,20/08/2022 03:29:12,50.1653632,,FCT1,
FCTLOG,9977;20224854-0210;3322;10MLA27CDMOT01-B-2,LNK,,LNK908-221376LF,Passed,,20/08/2022 03:30:14,48.2734965,,FCT1,
FCTLOG,9977;20224854-0213;3322;10MLA27CDMOT01-B-2,LNK,,LNK908-221376LF,Passed,,20/08/2022 03:31:13,48.1964287,,FCT1,
FCTLOG,9977;20224854-0209;3322;10MLA27CDMOT01-B-2,LNK,,LNK908-221376LF,Passed,,20/08/2022 03:32:15,50.8395219,,FCT1,
FCTLOG,9977;20224854-0208;3322;10MLA27CDMOT01-B-2,LNK,,LNK908-221376LF,Passed,,20/08/2022 03:33:17,50.9414288,,FCT1,
FCTLOG,9977;20224854-0002;3322;10MLA27CDMOT01-B-2,LNK,,LNK908-221376LF,Passed,,20/08/2022 03:34:16,48.317272,,FCT1,
FCTLOG,9977;20224854-0217;3322;10MLA27CDMOT01-B-2,LNK,,LNK908-221376LF,Passed,,20/08/2022 03:35:20,52.3684977,,FCT1,
FCTLOG,9977;20224854-0216;3322;10MLA27CDMOT01-B-2,LNK,,LNK908-221376LF,Passed,,20/08/2022 03:36:21,47.9694556,,FCT1,
FCTLOG,9977;20224854-0211;3322;10MLA27CDMOT01-B-2,LNK,,LNK908-221376LF,Passed,,20/08/2022 03:37:25,49.5531715,,FCT1,
FCTLOG,9977;20224854-0218;3322;10MLA27CDMOT01-B-2,LNK,,LNK908-221376LF,Passed,,20/08/2022 03:38:24,48.2640598,,FCT1,
FCTLOG,9977;20224854-0207;3322;10MLA27CDMOT01-B-2,LNK,,LNK908-221376LF,Passed,,20/08/2022 03:39:27,51.4910174,,FCT1,
FCTLOG,9977;20224854-0215;3322;10MLA27CDMOT01-B-2,LNK,,LNK908-221376LF,Passed,,20/08/2022 03:40:33,52.5120846,,FCT1,
FCTLOG,9977;20224854-0225;3322;10MLA27CDMOT01-B-2,LNK,,LNK908-221376LF,Passed,,20/08/2022 03:41:35,50.827347,,FCT1,
FCTLOG,9977;20224854-0197;3322;10MLA27CDMOT01-B-2,LNK,,LNK908-221376LF,Passed,,20/08/2022 03:42:38,50.577418,,FCT1,
FCTLOG,9977;20224854-0196;3322;10MLA27CDMOT01-B-2,LNK,,LNK908-221376LF,Passed,,20/08/2022 03:43:41,50.0146452,,FCT1,
FCTLOG,9977;20224854-0198;3322;10MLA27CDMOT01-B-2,LNK,,LNK908-221376LF,Passed,,20/08/2022 03:44:45,52.9310665,,FCT1,
FCTLOG,9977;20224854-0195;3322;10MLA27CDMOT01-B-2,LNK,,LNK908-221376LF,Passed,,20/08/2022 03:46:02,59.088479,,FCT1,
FCTLOG,9977;20224854-0228;3322;10MLA27CDMOT01-B-2,LNK,,LNK908-221376LF,Passed,,20/08/2022 03:48:54,48.1815292,,FCT1,
FCTLOG,9977;20224854-0202;3322;10MLA27CDMOT01-B-2,LNK,,LNK908-221376LF,Passed,,20/08/2022 03:49:58,48.1691119,,FCT1,
FCTLOG,9977;20224854-0201;3322;10MLA27CDMOT01-B-2,LNK,,LNK908-221376LF,Passed,,20/08/2022 03:51:08,51.1715904,,FCT1,
FCTLOG,9977;20224854-0214;3322;10MLA27CDMOT01-B-2,LNK,,LNK908-221376LF,Passed,,20/08/2022 03:52:40,47.9816902,,FCT1,
FCTLOG,9977;20224854-0206;3322;10MLA27CDMOT01-B-2,LNK,,LNK908-221376LF,Passed,,20/08/2022 03:53:41,48.18958,,FCT1,
FCTLOG,9977;20224854-0203;3322;10MLA27CDMOT01-B-2,LNK,,LNK908-221376LF,Passed,,20/08/2022 03:55:17,48.3527243,,FCT1,
FCTLOG,9977;20224854-0058;3322;10MLA27CDMOT01-B-2,LNK,,LNK908-221376LF,Passed,,20/08/2022 03:56:56,48.5603924,,FCT1,
FCTLOG,9977;20224854-0204;3322;10MLA27CDMOT01-B-2,LNK,,LNK908-221376LF,Passed,,20/08/2022 03:58:03,47.877387,,FCT1,
FCTLOG,9977;20224854-0205;3322;10MLA27CDMOT01-B-2,LNK,,LNK908-221376LF,Passed,,20/08/2022 03:59:21,48.2279419,,FCT1,
FCTLOG,9977;20224854-0199;3322;10MLA27CDMOT01-B-2,LNK,,LNK908-221376LF,Passed,,20/08/2022 04:00:24,48.1637414,,FCT1,
FCTLOG,9977;20224854-0054;3322;10MLA27CDMOT01-B-2,LNK,,LNK908-221376LF,Passed,,20/08/2022 04:01:41,48.2397724,,FCT1,
FCTLOG,9977;20224854-0200;3322;10MLA27CDMOT01-B-2,LNK,,LNK908-221376LF,Passed,,20/08/2022 04:03:10,48.3650787,,FCT1,
FCTLOG,9977;20224854-0046;3322;10MLA27CDMOT01-B-2,LNK,,LNK908-221376LF,Passed,,20/08/2022 04:04:12,48.1328295,,FCT1,
FCTLOG,9977;20224854-0042;3322;10MLA27CDMOT01-B-2,LNK,,LNK908-221376LF,Passed,,20/08/2022 04:05:22,47.9312503,,FCT1,
FCTLOG,9977;20224854-0052;3322;10MLA27CDMOT01-B-2,LNK,,LNK908-221376LF,Passed,,20/08/2022 04:06:23,48.27811,,FCT1,
FCTLOG,9977;20224854-0047;3322;10MLA27CDMOT01-B-2,LNK,,LNK908-221376LF,Passed,,20/08/2022 04:07:25,48.1779043,,FCT1,
FCTLOG,9977;20224854-0053;3322;10MLA27CDMOT01-B-2,LNK,,LNK908-221376LF,Passed,,20/08/2022 04:08:45,50.0576536,,FCT1,
FCTLOG,9977;20224854-0057;3322;10MLA27CDMOT01-B-2,LNK,,LNK908-221376LF,Passed,,20/08/2022 04:10:37,60.1708261,,FCT1,
FCTLOG,9977;20224854-0043;3322;10MLA27CDMOT01-B-2,LNK,,LNK908-221376LF,Passed,,20/08/2022 04:12:26,49.8593572,,FCT1,
FCTLOG,9977;20224854-0044;3322;10MLA27CDMOT01-B-2,LNK,,LNK908-221376LF,Passed,,20/08/2022 04:14:24,48.8399823,,FCT1,
FCTLOG,9977;20224854-0051;3322;10MLA27CDMOT01-B-2,LNK,,LNK908-221376LF,Passed,,20/08/2022 04:15:35,48.8171485,,FCT1,
FCTLOG,9977;20224854-0045;3322;10MLA27CDMOT01-B-2,LNK,,LNK908-221376LF,Passed,,20/08/2022 04:16:41,48.2948043,,FCT1,
FCTLOG,9977;20224854-0027;3322;10MLA27CDMOT01-B-2,LNK,,LNK908-221376LF,Passed,,20/08/2022 04:17:47,48.259111,,FCT1,
FCTLOG,9977;20224854-0033;3322;10MLA27CDMOT01-B-2,LNK,,LNK908-221376LF,Passed,,20/08/2022 04:20:07,54.9405221,,FCT1,
FCTLOG,9977;20224854-0060;3322;10MLA27CDMOT01-B-2,LNK,,LNK908-221376LF,Passed,,20/08/2022 04:21:09,48.3582515,,FCT1,
FCTLOG,9977;20224854-0039;3322;10MLA27CDMOT01-B-2,LNK,,LNK908-221376LF,Passed,,20/08/2022 04:22:13,48.7436293,,FCT1,
FCTLOG,9977;20224854-0035;3322;10MLA27CDMOT01-B-2,LNK,,LNK908-221376LF,Passed,,20/08/2022 04:23:22,48.936595,,FCT1,
FCTLOG,9977;20224854-0034;3322;10MLA27CDMOT01-B-2,LNK,,LNK908-221376LF,Passed,,20/08/2022 04:24:39,48.2856077,,FCT1,
FCTLOG,9977;20224854-0032;3322;10MLA27CDMOT01-B-2,LNK,,LNK908-221376LF,Passed,,20/08/2022 04:26:06,49.8386063,,FCT1,
FCTLOG,9977;20224854-0040;3322;10MLA27CDMOT01-B-2,LNK,,LNK908-221376LF,Passed,,20/08/2022 04:27:29,50.1567808,,FCT1,
FCTLOG,9977;20224854-0063;3322;10MLA27CDMOT01-B-2,LNK,,LNK908-221376LF,Passed,,20/08/2022 04:28:32,48.7227963,,FCT1,
FCTLOG,9977;20224854-0064;3322;10MLA27CDMOT01-B-2,LNK,,LNK908-221376LF,Passed,,20/08/2022 04:29:32,48.0794117,,FCT1,
FCTLOG,9977;20224854-0062;3322;10MLA27CDMOT01-B-2,LNK,,LNK908-221376LF,Passed,,20/08/2022 04:31:11,49.0816229,,FCT1,
FCTLOG,9977;20224854-0037;3322;10MLA27CDMOT01-B-2,LNK,,LNK908-221376LF,Passed,,20/08/2022 04:32:11,48.2339327,,FCT1,
FCTLOG,9977;20224854-0036;3322;10MLA27CDMOT01-B-2,LNK,,LNK908-221376LF,Passed,,20/08/2022 04:33:30,50.6579305,,FCT1,
FCTLOG,9977;20224854-0038;3322;10MLA27CDMOT01-B-2,LNK,,LNK908-221376LF,Passed,,20/08/2022 04:34:32,48.032764,,FCT1,
FCTLOG,9977;20224854-0028;3322;10MLA27CDMOT01-B-2,LNK,,LNK908-221376LF,Passed,,20/08/2022 04:35:34,48.090144,,FCT1,
FCTLOG,9977;20224854-0127;3322;10MLA27CDMOT01-B-2,LNK,,LNK908-221376LF,Passed,,20/08/2022 04:36:53,49.5090318,,FCT1,
FCTLOG,9977;20224854-0030;3322;10MLA27CDMOT01-B-2,LNK,,LNK908-221376LF,Passed,,20/08/2022 04:38:08,48.0725855,,FCT1,
FCTLOG,9977;20224854-0025;3322;10MLA27CDMOT01-B-2,LNK,,LNK908-221376LF,Passed,,20/08/2022 04:39:13,48.247155,,FCT1,
FCTLOG,9977;20224854-0126;3322;10MLA27CDMOT01-B-2,LNK,,LNK908-221376LF,Passed,,20/08/2022 04:40:46,50.0357127,,FCT1,
FCTLOG,9977;20224854-0026;3322;10MLA27CDMOT01-B-2,LNK,,LNK908-221376LF,Passed,,20/08/2022 04:42:02,48.2299358,,FCT1,
FCTLOG,9977;20224854-0078;3322;10MLA27CDMOT01-B-2,LNK,,LNK908-221376LF,Passed,,20/08/2022 04:43:16,60.0050748,,FCT1,
FCTLOG,9977;20224854-0128;3322;10MLA27CDMOT01-B-2,LNK,,LNK908-221376LF,Passed,,20/08/2022 04:44:25,50.3293704,,FCT1,
FCTLOG,9977;20224854-0031;3322;10MLA27CDMOT01-B-2,LNK,,LNK908-221376LF,Passed,,20/08/2022 04:45:35,49.5435835,,FCT1,
FCTLOG,9977;20224854-0029;3322;10MLA27CDMOT01-B-2,LNK,,LNK908-221376LF,Passed,,20/08/2022 04:46:42,51.3731529,,FCT1,
FCTLOG,9977;20224854-0129;3322;10MLA27CDMOT01-B-2,LNK,,LNK908-221376LF,Passed,,20/08/2022 04:47:45,48.2843095,,FCT1,
FCTLOG,9977;20224854-0125;3322;10MLA27CDMOT01-B-2,LNK,,LNK908-221376LF,Passed,,20/08/2022 04:48:54,48.2532142,,FCT1,
FCTLOG,9977;20224854-0130;3322;10MLA27CDMOT01-B-2,LNK,,LNK908-221376LF,Passed,,20/08/2022 05:00:41,48.3144905,,FCT1,
FCTLOG,9977;20224854-0017;3322;10MLA27CDMOT01-B-2,LNK,,LNK908-221376LF,Passed,,20/08/2022 05:02:00,48.0311252,,FCT1,
FCTLOG,9977;20224854-0016;3322;10MLA27CDMOT01-B-2,LNK,,LNK908-221376LF,Passed,,20/08/2022 05:03:31,48.3209913,,FCT1,
FCTLOG,9977;20224854-0015;3322;10MLA27CDMOT01-B-2,LNK,,LNK908-221376LF,Passed,,20/08/2022 05:04:31,48.1869172,,FCT1,
FCTLOG,9977;20224854-0014;3322;10MLA27CDMOT01-B-2,LNK,,LNK908-221376LF,Passed,,20/08/2022 05:05:43,47.9558576,,FCT1,
FCTLOG,9977;20224854-0013;3322;10MLA27CDMOT01-B-2,LNK,,LNK908-221376LF,Passed,,20/08/2022 05:06:57,48.29221,,FCT1,
FCTLOG,9977;20224854-0012;3322;10MLA27CDMOT01-B-2,LNK,,LNK908-221376LF,Passed,,20/08/2022 05:08:14,48.8692378,,FCT1,
FCTLOG,9977;20224854-0010;3322;10MLA27CDMOT01-B-2,LNK,,LNK908-221376LF,Passed,,20/08/2022 05:09:28,48.2193501,,FCT1,
FCTLOG,9977;20224854-0009;3322;10MLA27CDMOT01-B-2,LNK,,LNK908-221376LF,Passed,,20/08/2022 05:10:47,48.6992469,,FCT1,
FCTLOG,9977;20224854-0008;3322;10MLA27CDMOT01-B-2,LNK,,LNK908-221376LF,Passed,,20/08/2022 05:11:54,50.4749048,,FCT1,
FCTLOG,9977;20224854-0011;3322;10MLA27CDMOT01-B-2,LNK,,LNK908-221376LF,Passed,,20/08/2022 05:12:55,47.9848681,,FCT1,
FCTLOG,9977;20224854-0007;3322;10MLA27CDMOT01-B-2,LNK,,LNK908-221376LF,Passed,,20/08/2022 05:13:55,48.6658583,,FCT1,
FCTLOG,9977;20224854-0006;3322;10MLA27CDMOT01-B-2,LNK,,LNK908-221376LF,Passed,,20/08/2022 05:14:54,48.0496344,,FCT1,
FCTLOG,9977;20224854-0005;3322;10MLA27CDMOT01-B-2,LNK,,LNK908-221376LF,Passed,,20/08/2022 05:15:54,47.8790953,,FCT1,
FCTLOG,9977;20224854-0004;3322;10MLA27CDMOT01-B-2,LNK,,LNK908-221376LF,Passed,,20/08/2022 05:18:42,49.2057241,,FCT1,
FCTLOG,9977;20224854-0003;3322;10MLA27CDMOT01-B-2,LNK,,LNK908-221376LF,Passed,,20/08/2022 05:19:52,48.0958168,,FCT1,
FCTLOG,9977;20224854-0655;3322;10MLA27CDMOT01-B-2,LNK,,LNK908-221376LF,Passed,,20/08/2022 05:21:07,50.5546573,,FCT1,
FCTLOG,9977;20224854-0654;3322;10MLA27CDMOT01-B-2,LNK,,LNK908-221376LF,Passed,,20/08/2022 05:22:30,48.275492,,FCT1,
FCTLOG,9977;20224854-0653;3322;10MLA27CDMOT01-B-2,LNK,,LNK908-221376LF,Passed,,20/08/2022 05:24:48,48.9186902,,FCT1,
FCTLOG,9977;20224854-0652;3322;10MLA27CDMOT01-B-2,LNK,,LNK908-221376LF,Passed,,20/08/2022 05:28:23,52.5404029,,FCT1,
FCTLOG,9977;20224854-0658;3322;10MLA27CDMOT01-B-2,LNK,,LNK908-221376LF,Passed,,20/08/2022 05:29:27,48.3742532,,FCT1,
FCTLOG,9977;20224854-0651;3322;10MLA27CDMOT01-B-2,LNK,,LNK908-221376LF,Passed,,20/08/2022 05:30:51,51.9325819,,FCT1,
FCTLOG,9977;20224854-0657;3322;10MLA27CDMOT01-B-2,LNK,,LNK908-221376LF,Passed,,20/08/2022 05:31:54,48.1772577,,FCT1,
FCTLOG,9977;20224854-0650;3322;10MLA27CDMOT01-B-2,LNK,,LNK908-221376LF,Passed,,20/08/2022 05:32:58,49.8735557,,FCT1,
FCTLOG,9977;20224854-0649;3322;10MLA27CDMOT01-B-2,LNK,,LNK908-221376LF,Passed,,20/08/2022 05:34:35,73.8677958,,FCT1,
FCTLOG,9977;20224854-0648;3322;10MLA27CDMOT01-B-2,LNK,,LNK908-221376LF,Passed,,20/08/2022 05:35:41,48.8330014,,FCT1,
FCTLOG,9977;20224854-0647;3322;10MLA27CDMOT01-B-2,LNK,,LNK908-221376LF,Passed,,20/08/2022 05:36:46,48.22323,,FCT1,
FCTLOG,9977;20224854-0646;3322;10MLA27CDMOT01-B-2,LNK,,LNK908-221376LF,Passed,,20/08/2022 05:37:47,48.189457,,FCT1,
FCTLOG,9977;20224854-0645;3322;10MLA27CDMOT01-B-2,LNK,,LNK908-221376LF,Passed,,20/08/2022 05:39:52,48.9043016,,FCT1,
FCTLOG,9977;20224854-0644;3322;10MLA27CDMOT01-B-2,LNK,,LNK908-221376LF,Passed,,20/08/2022 05:41:54,49.5747661,,FCT1,
FCTLOG,9977;20224854-0639;3322;10MLA27CDMOT01-B-2,LNK,,LNK908-221376LF,Passed,,20/08/2022 05:43:45,50.5886005,,FCT1,
FCTLOG,9977;20224854-0656;3322;10MLA27CDMOT01-B-2,LNK,,LNK908-221376LF,Passed,,20/08/2022 05:44:54,48.8153699,,FCT1,
FCTLOG,9977;20224854-0633;3322;10MLA27CDMOT01-B-2,LNK,,LNK908-221376LF,Passed,,20/08/2022 05:46:12,55.8212679,,FCT1,
FCTLOG,9977;20224854-0643;3322;10MLA27CDMOT01-B-2,LNK,,LNK908-221376LF,Passed,,20/08/2022 05:47:20,48.4183846,,FCT1,
FCTLOG,9977;20224854-0642;3322;10MLA27CDMOT01-B-2,LNK,,LNK908-221376LF,Passed,,20/08/2022 05:48:24,48.8126134,,FCT1,
FCTLOG,9977;20224854-0641;3322;10MLA27CDMOT01-B-2,LNK,,LNK908-221376LF,Passed,,20/08/2022 05:49:37,48.9462253,,FCT1,
FCTLOG,9977;20224854-0640;3322;10MLA27CDMOT01-B-2,LNK,,LNK908-221376LF,Passed,,20/08/2022 05:51:08,53.3066338,,FCT1,
FCTLOG,9977;20224854-0638;3322;10MLA27CDMOT01-B-2,LNK,,LNK908-221376LF,Passed,,20/08/2022 05:52:28,49.7045691,,FCT1,
FCTLOG,9977;20224854-0637;3322;10MLA27CDMOT01-B-2,LNK,,LNK908-221376LF,Passed,,20/08/2022 05:53:38,48.2740396,,FCT1,
FCTLOG,9977;20224854-0636;3322;10MLA27CDMOT01-B-2,LNK,,LNK908-221376LF,Passed,,20/08/2022 05:54:39,48.534511,,FCT1,
FCTLOG,9977;20224854-0635;3322;10MLA27CDMOT01-B-2,LNK,,LNK908-221376LF,Passed,,20/08/2022 05:55:49,52.1864361,,FCT1,
FCTLOG,9977;20224854-0634;3322;10MLA27CDMOT01-B-2,LNK,,LNK908-221376LF,Passed,,20/08/2022 05:57:02,49.8180343,,FCT1,
FCTLOG,9977;20224854-0627;3322;10MLA27CDMOT01-B-2,LNK,,LNK908-221376LF,Passed,,20/08/2022 06:02:11,48.1912667,,FCT1,
FCTLOG,9977;20224854-0632;3322;10MLA27CDMOT01-B-2,LNK,,LNK908-221376LF,Passed,,20/08/2022 06:42:14,56.3224068,,FCT1,
FCTLOG,9977;20224854-0631;3322;10MLA27CDMOT01-B-2,LNK,,LNK908-221376LF,Passed,,20/08/2022 06:45:28,63.9540975,,FCT1,
FCTLOG,9977;20224854-0630;3322;10MLA27CDMOT01-B-2,LNK,,LNK908-221376LF,Passed,,20/08/2022 06:47:03,50.651247,,FCT1,
FCTLOG,9977;20224854-0628;3322;10MLA27CDMOT01-B-2,LNK,,LNK908-221376LF,Passed,,20/08/2022 06:48:09,49.4530866,,FCT1,
FCTLOG,9977;20224854-0629;3322;10MLA27CDMOT01-B-2,LNK,,LNK908-221376LF,Passed,,20/08/2022 06:49:57,48.2629338,,FCT1,
FCTLOG,9977;20224854-0612;3322;10MLA27CDMOT01-B-2,LNK,,LNK908-221376LF,Passed,,20/08/2022 06:51:06,48.2259529,,FCT1,
FCTLOG,9977;20224854-0606;3322;10MLA27CDMOT01-B-2,LNK,,LNK908-221376LF,Passed,,20/08/2022 06:53:09,48.2427776,,FCT1,
FCTLOG,9977;20224854-0617;3322;10MLA27CDMOT01-B-2,LNK,,LNK908-221376LF,Passed,,20/08/2022 06:54:09,48.0329007,,FCT1,
FCTLOG,9977;20224854-0624;3322;10MLA27CDMOT01-B-2,LNK,,LNK908-221376LF,Passed,,20/08/2022 06:55:07,48.2777734,,FCT1,
FCTLOG,9977;20224854-0622;3322;10MLA27CDMOT01-B-2,LNK,,LNK908-221376LF,Passed,,20/08/2022 06:56:04,48.210487,,FCT1,
FCTLOG,9977;20224854-0623;3322;10MLA27CDMOT01-B-2,LNK,,LNK908-221376LF,Passed,,20/08/2022 06:57:03,48.2183342,,FCT1,
FCTLOG,9977;20224854-0625;3322;10MLA27CDMOT01-B-2,LNK,,LNK908-221376LF,Passed,,20/08/2022 06:58:04,48.508122,,FCT1,
FCTLOG,9977;20224854-0626;3322;10MLA27CDMOT01-B-2,LNK,,LNK908-221376LF,Passed,,20/08/2022 06:59:01,48.2692086,,FCT1,
FCTLOG,9977;20224854-0618;3322;10MLA27CDMOT01-B-2,LNK,,LNK908-221376LF,Passed,,20/08/2022 06:59:59,48.4001475,,FCT1,
FCTLOG,9977;20224854-0605;3322;10MLA27CDMOT01-B-2,LNK,,LNK908-221376LF,Passed,,20/08/2022 07:00:55,48.4436081,,FCT1,
FCTLOG,9977;20224854-0613;3322;10MLA27CDMOT01-B-2,LNK,,LNK908-221376LF,Passed,,20/08/2022 07:01:51,48.2996868,,FCT1,
FCTLOG,9977;20224854-0614;3322;10MLA27CDMOT01-B-2,LNK,,LNK908-221376LF,Passed,,20/08/2022 07:02:54,48.2550385,,FCT1,
FCTLOG,9977;20224854-0619;3322;10MLA27CDMOT01-B-2,LNK,,LNK908-221376LF,Passed,,20/08/2022 07:03:53,48.3337896,,FCT1,
FCTLOG,9977;20224854-0604;3322;10MLA27CDMOT01-B-2,LNK,,LNK908-221376LF,Passed,,20/08/2022 07:04:50,48.7386975,,FCT1,
FCTLOG,9977;20224854-0620;3322;10MLA27CDMOT01-B-2,LNK,,LNK908-221376LF,Passed,,20/08/2022 07:06:11,47.9345318,,FCT1,
FCTLOG,9977;20224854-0621;3322;10MLA27CDMOT01-B-2,LNK,,LNK908-221376LF,Passed,,20/08/2022 07:07:07,48.0213549,,FCT1,
FCTLOG,9977;20224854-0603;3322;10MLA27CDMOT01-B-2,LNK,,LNK908-221376LF,Passed,,20/08/2022 07:08:05,48.4119339,,FCT1,
FCTLOG,9977;20224854-0608;3322;10MLA27CDMOT01-B-2,LNK,,LNK908-221376LF,Passed,,20/08/2022 07:09:03,48.3536709,,FCT1,
FCTLOG,9977;20224854-0591;3322;10MLA27CDMOT01-B-2,LNK,,LNK908-221376LF,Passed,,20/08/2022 07:09:59,48.4325424,,FCT1,
FCTLOG,9977;20224854-0589;3322;10MLA27CDMOT01-B-2,LNK,,LNK908-221376LF,Passed,,20/08/2022 07:11:19,48.5650252,,FCT1,
FCTLOG,9977;20224854-0615;3322;10MLA27CDMOT01-B-2,LNK,,LNK908-221376LF,Passed,,20/08/2022 07:12:19,48.254026,,FCT1,
FCTLOG,9977;20224854-0616;3322;10MLA27CDMOT01-B-2,LNK,,LNK908-221376LF,Passed,,20/08/2022 07:13:20,49.4370779,,FCT1,
FCTLOG,9977;20224854-0609;3322;10MLA27CDMOT01-B-2,LNK,,LNK908-221376LF,Passed,,20/08/2022 07:14:17,48.3134903,,FCT1,
FCTLOG,9977;20224854-0607;3322;10MLA27CDMOT01-B-2,LNK,,LNK908-221376LF,Passed,,20/08/2022 07:15:14,48.151061,,FCT1,
FCTLOG,9977;20224854-0600;3322;10MLA27CDMOT01-B-2,LNK,,LNK908-221376LF,Passed,,20/08/2022 07:16:10,48.3253218,,FCT1,
FCTLOG,9977;20224854-0610;3322;10MLA27CDMOT01-B-2,LNK,,LNK908-221376LF,Passed,,20/08/2022 07:17:06,48.2680406,,FCT1,
FCTLOG,9977;20224854-0611;3322;10MLA27CDMOT01-B-2,LNK,,LNK908-221376LF,Passed,,20/08/2022 07:18:04,48.2611155,,FCT1,
FCTLOG,9977;20224854-0592;3322;10MLA27CDMOT01-B-2,LNK,,LNK908-221376LF,Passed,,20/08/2022 07:18:59,48.2469461,,FCT1,
FCTLOG,9977;20224854-0602;3322;10MLA27CDMOT01-B-2,LNK,,LNK908-221376LF,Passed,,20/08/2022 07:19:57,48.3229112,,FCT1,
FCTLOG,9977;20224854-0590;3322;10MLA27CDMOT01-B-2,LNK,,LNK908-221376LF,Passed,,20/08/2022 07:20:53,48.2888671,,FCT1,
FCTLOG,9977;20224854-0601;3322;10MLA27CDMOT01-B-2,LNK,,LNK908-221376LF,Passed,,20/08/2022 07:21:57,48.03859,,FCT1,
FCTLOG,9977;20224854-0588;3322;10MLA27CDMOT01-B-2,LNK,,LNK908-221376LF,Passed,,20/08/2022 07:22:53,48.2550745,,FCT1,
FCTLOG,9977;20224854-0599;3322;10MLA27CDMOT01-B-2,LNK,,LNK908-221376LF,Passed,,20/08/2022 07:23:49,48.2226815,,FCT1,
FCTLOG,9977;20224854-0598;3322;10MLA27CDMOT01-B-2,LNK,,LNK908-221376LF,Passed,,20/08/2022 07:24:50,47.970446,,FCT1,
FCTLOG,9977;20224854-0586;3322;10MLA27CDMOT01-B-2,LNK,,LNK908-221376LF,Passed,,20/08/2022 07:25:45,48.1049778,,FCT1,
FCTLOG,9977;20224854-0587;3322;10MLA27CDMOT01-B-2,LNK,,LNK908-221376LF,Passed,,20/08/2022 07:26:42,49.3094105,,FCT1,
FCTLOG,9977;20224854-0583;3322;10MLA27CDMOT01-B-2,LNK,,LNK908-221376LF,Passed,,20/08/2022 07:27:38,48.3968625,,FCT1,
FCTLOG,9977;20224854-0596;3322;10MLA27CDMOT01-B-2,LNK,,LNK908-221376LF,Passed,,20/08/2022 07:28:34,48.0418854,,FCT1,
FCTLOG,9977;20224854-0585;3322;10MLA27CDMOT01-B-2,LNK,,LNK908-221376LF,Passed,,20/08/2022 07:29:28,48.0909482,,FCT1,
FCTLOG,9977;20224854-0584;3322;10MLA27CDMOT01-B-2,LNK,,LNK908-221376LF,Passed,,20/08/2022 07:30:23,48.236068,,FCT1,
FCTLOG,9977;20224854-0579;3322;10MLA27CDMOT01-B-2,LNK,,LNK908-221376LF,Passed,,20/08/2022 07:31:19,48.3165822,,FCT1,
FCTLOG,9977;20224854-0580;3322;10MLA27CDMOT01-B-2,LNK,,LNK908-221376LF,Passed,,20/08/2022 07:32:15,48.3747641,,FCT1,
FCTLOG,9977;20224854-0581;3322;10MLA27CDMOT01-B-2,LNK,,LNK908-221376LF,Passed,,20/08/2022 07:33:11,48.2316769,,FCT1,
FCTLOG,9977;20224854-0582;3322;10MLA27CDMOT01-B-2,LNK,,LNK908-221376LF,Passed,,20/08/2022 07:34:11,48.553228,,FCT1,
FCTLOG,9977;20224854-0593;3322;10MLA27CDMOT01-B-2,LNK,,LNK908-221376LF,Passed,,20/08/2022 07:35:06,48.2317629,,FCT1,
FCTLOG,9977;20224854-0594;3322;10MLA27CDMOT01-B-2,LNK,,LNK908-221376LF,Passed,,20/08/2022 07:36:06,48.223933,,FCT1,
FCTLOG,9977;20224854-0595;3322;10MLA27CDMOT01-B-2,LNK,,LNK908-221376LF,Passed,,20/08/2022 07:37:02,50.6167167,,FCT1,
FCTLOG,9977;20224854-0597;3322;10MLA27CDMOT01-B-2,LNK,,LNK908-221376LF,Passed,,20/08/2022 07:38:02,49.9920246,,FCT1,
FCTLOG,9977;20224854-0467;3322;10MLA27CDMOT01-B-2,LNK,,LNK908-221376LF,Passed,,20/08/2022 07:39:32,56.3075791,,FCT1,
FCTLOG,9977;20224854-0573;3322;10MLA27CDMOT01-B-2,LNK,,LNK908-221376LF,Passed,,20/08/2022 07:40:27,48.3517831,,FCT1,
FCTLOG,9977;20224854-0574;3322;10MLA27CDMOT01-B-2,LNK,,LNK908-221376LF,Passed,,20/08/2022 07:41:24,48.2379148,,FCT1,
FCTLOG,9977;20224854-0466;3322;10MLA27CDMOT01-B-2,LNK,,LNK908-221376LF,Passed,,20/08/2022 07:42:27,48.7074873,,FCT1,
FCTLOG,9977;20224854-0575;3322;10MLA27CDMOT01-B-2,LNK,,LNK908-221376LF,Passed,,20/08/2022 07:43:32,48.2114743,,FCT1,
FCTLOG,9977;20224854-0576;3322;10MLA27CDMOT01-B-2,LNK,,LNK908-221376LF,Passed,,20/08/2022 07:44:30,48.4618141,,FCT1,
FCTLOG,9977;20224854-0577;3322;10MLA27CDMOT01-B-2,LNK,,LNK908-221376LF,Passed,,20/08/2022 07:45:26,48.9472465,,FCT1,
FCTLOG,9977;20224854-0569;3322;10MLA27CDMOT01-B-2,LNK,,LNK908-221376LF,Passed,,20/08/2022 07:46:22,47.6718227,,FCT1,
FCTLOG,9977;20224854-0578;3322;10MLA27CDMOT01-B-2,LNK,,LNK908-221376LF,Passed,,20/08/2022 07:47:19,47.8953534,,FCT1,
FCTLOG,9977;20224854-0568;3322;10MLA27CDMOT01-B-2,LNK,,LNK908-221376LF,Passed,,20/08/2022 07:48:16,48.1310325,,FCT1,
FCTLOG,9977;20224854-0572;3322;10MLA27CDMOT01-B-2,LNK,,LNK908-221376LF,Passed,,20/08/2022 07:49:10,48.2474451,,FCT1,
FCTLOG,9977;20224854-0571;3322;10MLA27CDMOT01-B-2,LNK,,LNK908-221376LF,Passed,,20/08/2022 07:50:08,48.6548054,,FCT1,
FCTLOG,9977;20224854-0570;3322;10MLA27CDMOT01-B-2,LNK,,LNK908-221376LF,Passed,,20/08/2022 07:51:03,48.2573767,,FCT1,
FCTLOG,9977;20224854-0567;3322;10MLA27CDMOT01-B-2,LNK,,LNK908-221376LF,Passed,,20/08/2022 07:52:02,47.6935163,,FCT1,
FCTLOG,9977;20224854-0465;3322;10MLA27CDMOT01-B-2,LNK,,LNK908-221376LF,Passed,,20/08/2022 07:52:57,48.2681965,,FCT1,
FCTLOG,9977;20224854-0469;3322;10MLA27CDMOT01-B-2,LNK,,LNK908-221376LF,Passed,,20/08/2022 07:53:51,47.8937537,,FCT1,
FCTLOG,9977;20224854-0464;3322;10MLA27CDMOT01-B-2,LNK,,LNK908-221376LF,Passed,,20/08/2022 07:54:46,48.104546,,FCT1,
FCTLOG,9977;20224854-0459;3322;10MLA27CDMOT01-B-2,LNK,,LNK908-221376LF,Passed,,20/08/2022 07:55:43,48.2374759,,FCT1,
FCTLOG,9977;20224854-0460;3322;10MLA27CDMOT01-B-2,LNK,,LNK908-221376LF,Passed,,20/08/2022 07:56:48,48.2499483,,FCT1,
FCTLOG,9977;20224854-0461;3322;10MLA27CDMOT01-B-2,LNK,,LNK908-221376LF,Passed,,20/08/2022 07:57:45,48.1577274,,FCT1,
FCTLOG,9977;20224854-0462;3322;10MLA27CDMOT01-B-2,LNK,,LNK908-221376LF,Passed,,20/08/2022 07:58:42,48.1389335,,FCT1,
FCTLOG,9977;20224854-0458;3322;10MLA27CDMOT01-B-2,LNK,,LNK908-221376LF,Passed,,20/08/2022 07:59:41,48.2126797,,FCT1,
FCTLOG,9977;20224854-0463;3322;10MLA27CDMOT01-B-2,LNK,,LNK908-221376LF,Passed,,20/08/2022 08:00:38,48.1625927,,FCT1,
FCTLOG,9977;20224854-0452;3322;10MLA27CDMOT01-B-2,LNK,,LNK908-221376LF,Passed,,20/08/2022 08:01:38,48.1877268,,FCT1,
FCTLOG,9977;20224854-0453;3322;10MLA27CDMOT01-B-2,LNK,,LNK908-221376LF,Passed,,20/08/2022 08:02:36,48.3218675,,FCT1,
FCTLOG,9977;20224854-0457;3322;10MLA27CDMOT01-B-2,LNK,,LNK908-221376LF,Passed,,20/08/2022 08:03:31,48.274354,,FCT1,
FCTLOG,9977;20224854-0448;3322;10MLA27CDMOT01-B-2,LNK,,LNK908-221376LF,Passed,,20/08/2022 08:04:26,48.2441239,,FCT1,
FCTLOG,9977;20224854-0447;3322;10MLA27CDMOT01-B-2,LNK,,LNK908-221376LF,Passed,,20/08/2022 08:05:26,48.2354645,,FCT1,
FCTLOG,9977;20224854-0449;3322;10MLA27CDMOT01-B-2,LNK,,LNK908-221376LF,Passed,,20/08/2022 08:06:21,48.1984457,,FCT1,
FCTLOG,9977;20224854-0446;3322;10MLA27CDMOT01-B-2,LNK,,LNK908-221376LF,Passed,,20/08/2022 08:07:16,48.2692554,,FCT1,
FCTLOG,9977;20224854-0454;3322;10MLA27CDMOT01-B-2,LNK,,LNK908-221376LF,Passed,,20/08/2022 08:08:24,49.8775654,,FCT1,
FCTLOG,9977;20224854-0450;3322;10MLA27CDMOT01-B-2,LNK,,LNK908-221376LF,Passed,,20/08/2022 08:09:20,48.5990323,,FCT1,
FCTLOG,9977;20224854-0451;3322;10MLA27CDMOT01-B-2,LNK,,LNK908-221376LF,Passed,,20/08/2022 08:10:18,49.4051007,,FCT1,
FCTLOG,9977;20224854-0455;3322;10MLA27CDMOT01-B-2,LNK,,LNK908-221376LF,Passed,,20/08/2022 08:11:14,48.0275162,,FCT1,
FCTLOG,9977;20224854-0456;3322;10MLA27CDMOT01-B-2,LNK,,LNK908-221376LF,Passed,,20/08/2022 08:12:09,48.1363501,,FCT1,
FCTLOG,9977;20224854-0439;3322;10MLA27CDMOT01-B-2,LNK,,LNK908-221376LF,Passed,,20/08/2022 08:13:05,48.1125724,,FCT1,
FCTLOG,9977;20224854-0444;3322;10MLA27CDMOT01-B-2,LNK,,LNK908-221376LF,Passed,,20/08/2022 08:14:04,48.8253854,,FCT1,
FCTLOG,9977;20224854-0443;3322;10MLA27CDMOT01-B-2,LNK,,LNK908-221376LF,Passed,,20/08/2022 08:14:59,48.2351834,,FCT1,
FCTLOG,9977;20224854-0440;3322;10MLA27CDMOT01-B-2,LNK,,LNK908-221376LF,Passed,,20/08/2022 08:16:01,48.1820242,,FCT1,
FCTLOG,9977;20224854-0438;3322;10MLA27CDMOT01-B-2,LNK,,LNK908-221376LF,Passed,,20/08/2022 08:17:02,48.2228023,,FCT1,
FCTLOG,9977;20224854-0435;3322;10MLA27CDMOT01-B-2,LNK,,LNK908-221376LF,Passed,,20/08/2022 08:17:57,48.2262608,,FCT1,
FCTLOG,9977;20224854-0445;3322;10MLA27CDMOT01-B-2,LNK,,LNK908-221376LF,Passed,,20/08/2022 08:18:54,48.2483984,,FCT1,
FCTLOG,9977;20224854-0437;3322;10MLA27CDMOT01-B-2,LNK,,LNK908-221376LF,Passed,,20/08/2022 08:19:49,48.1362014,,FCT1,
FCTLOG,9977;20224854-0441;3322;10MLA27CDMOT01-B-2,LNK,,LNK908-221376LF,Passed,,20/08/2022 08:21:06,48.0514394,,FCT1,
FCTLOG,9977;20224854-0436;3322;10MLA27CDMOT01-B-2,LNK,,LNK908-221376LF,Passed,,20/08/2022 08:22:01,48.4109315,,FCT1,
FCTLOG,9977;20224854-0468;3322;10MLA27CDMOT01-B-2,LNK,,LNK908-221376LF,Passed,,20/08/2022 08:22:55,48.1742475,,FCT1,
FCTLOG,9977;20224854-0442;3322;10MLA27CDMOT01-B-2,LNK,,LNK908-221376LF,Passed,,20/08/2022 08:23:59,50.4951615,,FCT1,
FCTLOG,9977;20224854-0431;3322;10MLA27CDMOT01-B-2,LNK,,LNK908-221376LF,Passed,,20/08/2022 08:24:55,48.1016669,,FCT1,
FCTLOG,9977;20224854-0304;3322;10MLA27CDMOT01-B-2,LNK,,LNK908-221376LF,Passed,,20/08/2022 08:25:50,48.4752012,,FCT1,
FCTLOG,9977;20224854-0303;3322;10MLA27CDMOT01-B-2,LNK,,LNK908-221376LF,Passed,,20/08/2022 08:26:45,48.4938759,,FCT1,
FCTLOG,9977;20224854-0434;3322;10MLA27CDMOT01-B-2,LNK,,LNK908-221376LF,Passed,,20/08/2022 08:27:39,48.0960212,,FCT1,
FCTLOG,9977;20224854-0315;3322;10MLA27CDMOT01-B-2,LNK,,LNK908-221376LF,Passed,,20/08/2022 08:28:35,48.2163643,,FCT1,
FCTLOG,9977;20224854-0316;3322;10MLA27CDMOT01-B-2,LNK,,LNK908-221376LF,Passed,,20/08/2022 08:29:30,48.2087223,,FCT1,
FCTLOG,9977;20224854-0317;3322;10MLA27CDMOT01-B-2,LNK,,LNK908-221376LF,Passed,,20/08/2022 08:30:55,69.1951017,,FCT1,
FCTLOG,9977;20224854-0302;3322;10MLA27CDMOT01-B-2,LNK,,LNK908-221376LF,Passed,,20/08/2022 08:32:09,48.3619369,,FCT1,
FCTLOG,9977;20224854-0312;3322;10MLA27CDMOT01-B-2,LNK,,LNK908-221376LF,Passed,,20/08/2022 08:33:04,48.2741564,,FCT1,
FCTLOG,9977;20224854-0313;3322;10MLA27CDMOT01-B-2,LNK,,LNK908-221376LF,Passed,,20/08/2022 08:34:01,47.9924578,,FCT1,
FCTLOG,9977;20224854-0306;3322;10MLA27CDMOT01-B-2,LNK,,LNK908-221376LF,Passed,,20/08/2022 08:35:00,48.1905249,,FCT1,
FCTLOG,9977;20224854-0305;3322;10MLA27CDMOT01-B-2,LNK,,LNK908-221376LF,Passed,,20/08/2022 08:35:55,47.841513,,FCT1,
FCTLOG,9977;20224854-0314;3322;10MLA27CDMOT01-B-2,LNK,,LNK908-221376LF,Passed,,20/08/2022 08:36:59,52.334168,,FCT1,
FCTLOG,9977;20224854-0301;3322;10MLA27CDMOT01-B-2,LNK,,LNK908-221376LF,Passed,,20/08/2022 08:38:11,54.0726186,,FCT1,
FCTLOG,9977;20224854-0324;3322;10MLA27CDMOT01-B-2,LNK,,LNK908-221376LF,Passed,,20/08/2022 08:40:00,49.2515418,,FCT1,
FCTLOG,9977;20224854-0323;3322;10MLA27CDMOT01-B-2,LNK,,LNK908-221376LF,Passed,,20/08/2022 08:41:22,49.11034,,FCT1,
FCTLOG,9977;20224854-0311;3322;10MLA27CDMOT01-B-2,LNK,,LNK908-221376LF,Passed,,20/08/2022 08:42:38,49.1069594,,FCT1,
FCTLOG,9977;20224854-0322;3322;10MLA27CDMOT01-B-2,LNK,,LNK908-221376LF,Passed,,20/08/2022 08:43:58,56.0781305,,FCT1,
FCTLOG,9977;20224854-0310;3322;10MLA27CDMOT01-B-2,LNK,,LNK908-221376LF,Passed,,20/08/2022 08:44:59,48.2956659,,FCT1,
FCTLOG,9977;20224854-0309;3322;10MLA27CDMOT01-B-2,LNK,,LNK908-221376LF,Passed,,20/08/2022 08:45:54,49.5100906,,FCT1,
FCTLOG,9977;20224854-0319;3322;10MLA27CDMOT01-B-2,LNK,,LNK908-221376LF,Passed,,20/08/2022 08:46:50,47.7474695,,FCT1,
FCTLOG,9977;20224854-0308;3322;10MLA27CDMOT01-B-2,LNK,,LNK908-221376LF,Passed,,20/08/2022 08:47:46,48.0761117,,FCT1,
FCTLOG,9977;20224854-0321;3322;10MLA27CDMOT01-B-2,LNK,,LNK908-221376LF,Passed,,20/08/2022 08:48:50,48.0731368,,FCT1,
FCTLOG,9977;20224854-0307;3322;10MLA27CDMOT01-B-2,LNK,,LNK908-221376LF,Passed,,20/08/2022 08:49:44,48.2253391,,FCT1,
FCTLOG,9977;20224854-0318;3322;10MLA27CDMOT01-B-2,LNK,,LNK908-221376LF,Passed,,20/08/2022 08:50:39,48.2649816,,FCT1,
FCTLOG,9977;20224854-0320;3322;10MLA27CDMOT01-B-2,LNK,,LNK908-221376LF,Passed,,20/08/2022 08:51:37,48.1909974,,FCT1,
FCTLOG,9977;20224854-0328;3322;10MLA27CDMOT01-B-2,LNK,,LNK908-221376LF,Passed,,20/08/2022 08:52:31,48.1495594,,FCT1,
FCTLOG,9977;20224854-0327;3322;10MLA27CDMOT01-B-2,LNK,,LNK908-221376LF,Passed,,20/08/2022 08:53:26,48.171362,,FCT1,
FCTLOG,9977;20224854-0329;3322;10MLA27CDMOT01-B-2,LNK,,LNK908-221376LF,Passed,,20/08/2022 08:54:21,48.2273349,,FCT1,
FCTLOG,9977;20224854-0330;3322;10MLA27CDMOT01-B-2,LNK,,LNK908-221376LF,Passed,,20/08/2022 08:55:17,48.5294643,,FCT1,
FCTLOG,9977;20224854-0326;3322;10MLA27CDMOT01-B-2,LNK,,LNK908-221376LF,Passed,,20/08/2022 08:56:10,48.1708715,,FCT1,
FCTLOG,9977;20224854-0325;3322;10MLA27CDMOT01-B-2,LNK,,LNK908-221376LF,Passed,,20/08/2022 08:57:09,48.3044244,,FCT1,
FCTLOG,9977;20224854-0337;3322;10MLA27CDMOT01-B-2,LNK,,LNK908-221376LF,Passed,,20/08/2022 08:58:04,48.1693938,,FCT1,
FCTLOG,9977;20224854-0336;3322;10MLA27CDMOT01-B-2,LNK,,LNK908-221376LF,Passed,,20/08/2022 08:58:57,48.0972613,,FCT1,
FCTLOG,9977;20224854-0335;3322;10MLA27CDMOT01-B-2,LNK,,LNK908-221376LF,Passed,,20/08/2022 08:59:51,48.1706264,,FCT1,
FCTLOG,9977;20224854-0332;3322;10MLA27CDMOT01-B-2,LNK,,LNK908-221376LF,Passed,,20/08/2022 09:00:47,48.2899808,,FCT1,
FCTLOG,9977;20224854-0334;3322;10MLA27CDMOT01-B-2,LNK,,LNK908-221376LF,Passed,,20/08/2022 09:01:45,47.9246631,,FCT1,
FCTLOG,9977;20224854-0333;3322;10MLA27CDMOT01-B-2,LNK,,LNK908-221376LF,Passed,,20/08/2022 09:02:43,48.3172824,,FCT1,
FCTLOG,9977;20224854-0292;3322;10MLA27CDMOT01-B-2,LNK,,LNK908-221376LF,Passed,,20/08/2022 09:03:39,48.2798286,,FCT1,
FCTLOG,9977;20224854-0293;3322;10MLA27CDMOT01-B-2,LNK,,LNK908-221376LF,Passed,,20/08/2022 09:04:33,48.5670187,,FCT1,
FCTLOG,9977;20224854-0300;3322;10MLA27CDMOT01-B-2,LNK,,LNK908-221376LF,Passed,,20/08/2022 09:05:27,48.3002043,,FCT1,
FCTLOG,9977;20224854-0297;3322;10MLA27CDMOT01-B-2,LNK,,LNK908-221376LF,Passed,,20/08/2022 09:06:21,48.109525,,FCT1,
FCTLOG,9977;20224854-0294;3322;10MLA27CDMOT01-B-2,LNK,,LNK908-221376LF,Passed,,20/08/2022 09:07:14,48.0829859,,FCT1,
FCTLOG,9977;20224854-0331;3322;10MLA27CDMOT01-B-2,LNK,,LNK908-221376LF,Passed,,20/08/2022 09:08:09,48.1548923,,FCT1,
FCTLOG,9977;20224854-0291;3322;10MLA27CDMOT01-B-2,LNK,,LNK908-221376LF,Passed,,20/08/2022 09:09:05,48.1633986,,FCT1,
FCTLOG,9977;20224854-0295;3322;10MLA27CDMOT01-B-2,LNK,,LNK908-221376LF,Passed,,20/08/2022 09:09:59,47.8074929,,FCT1,
FCTLOG,9977;20224854-0296;3322;10MLA27CDMOT01-B-2,LNK,,LNK908-221376LF,Passed,,20/08/2022 09:10:55,48.0884403,,FCT1,
FCTLOG,9977;20224854-0298;3322;10MLA27CDMOT01-B-2,LNK,,LNK908-221376LF,Passed,,20/08/2022 09:11:48,48.1678832,,FCT1,
FCTLOG,9977;20224854-0299;3322;10MLA27CDMOT01-B-2,LNK,,LNK908-221376LF,Passed,,20/08/2022 09:12:41,48.2583081,,FCT1,
FCTLOG,9977;20224854-0532;3322;10MLA27CDMOT01-B-2,LNK,,LNK908-221376LF,Passed,,20/08/2022 09:13:36,48.2345625,,FCT1,
FCTLOG,9977;20224854-0533;3322;10MLA27CDMOT01-B-2,LNK,,LNK908-221376LF,Passed,,20/08/2022 09:14:29,48.2523752,,FCT1,
FCTLOG,9977;20224854-0531;3322;10MLA27CDMOT01-B-2,LNK,,LNK908-221376LF,Passed,,20/08/2022 09:15:26,48.0472502,,FCT1,
FCTLOG,9977;20224854-0522;3322;10MLA27CDMOT01-B-2,LNK,,LNK908-221376LF,Passed,,20/08/2022 09:16:28,48.0080387,,FCT1,
FCTLOG,9977;20224854-0535;3322;10MLA27CDMOT01-B-2,LNK,,LNK908-221376LF,Passed,,20/08/2022 09:17:23,48.1673628,,FCT1,
FCTLOG,9977;20224854-0521;3322;10MLA27CDMOT01-B-2,LNK,,LNK908-221376LF,Passed,,20/08/2022 09:18:18,48.4420757,,FCT1,
FCTLOG,9977;20224854-0520;3322;10MLA27CDMOT01-B-2,LNK,,LNK908-221376LF,Passed,,20/08/2022 09:19:14,48.913506,,FCT1,
FCTLOG,9977;20224854-0519;3322;10MLA27CDMOT01-B-2,LNK,,LNK908-221376LF,Passed,,20/08/2022 09:20:30,51.5981599,,FCT1,
FCTLOG,9977;20224854-0530;3322;10MLA27CDMOT01-B-2,LNK,,LNK908-221376LF,Passed,,20/08/2022 09:21:31,48.0024691,,FCT1,
FCTLOG,9977;20224854-0534;3322;10MLA27CDMOT01-B-2,LNK,,LNK908-221376LF,Passed,,20/08/2022 09:22:25,48.2115766,,FCT1,
FCTLOG,9977;20224854-0551;3322;10MLA27CDMOT01-B-2,LNK,,LNK908-221376LF,Passed,,20/08/2022 09:23:22,48.1645309,,FCT1,
FCTLOG,9977;20224854-0549;3322;10MLA27CDMOT01-B-2,LNK,,LNK908-221376LF,Passed,,20/08/2022 09:24:16,48.2890429,,FCT1,
FCTLOG,9977;20224854-0548;3322;10MLA27CDMOT01-B-2,LNK,,LNK908-221376LF,Passed,,20/08/2022 09:25:10,48.0845865,,FCT1,
FCTLOG,9977;20224854-0547;3322;10MLA27CDMOT01-B-2,LNK,,LNK908-221376LF,Passed,,20/08/2022 09:26:04,48.0011279,,FCT1,
FCTLOG,9977;20224854-0550;3322;10MLA27CDMOT01-B-2,LNK,,LNK908-221376LF,Passed,,20/08/2022 09:26:58,48.2901464,,FCT1,
FCTLOG,9977;20224854-0529;3322;10MLA27CDMOT01-B-2,LNK,,LNK908-221376LF,Passed,,20/08/2022 09:27:53,48.3384922,,FCT1,
FCTLOG,9977;20224854-0528;3322;10MLA27CDMOT01-B-2,LNK,,LNK908-221376LF,Passed,,20/08/2022 09:28:52,48.2325754,,FCT1,
FCTLOG,9977;20224854-0546;3322;10MLA27CDMOT01-B-2,LNK,,LNK908-221376LF,Passed,,20/08/2022 09:29:49,48.1968364,,FCT1,
FCTLOG,9977;20224854-0527;3322;10MLA27CDMOT01-B-2,LNK,,LNK908-221376LF,Passed,,20/08/2022 09:30:43,47.9597195,,FCT1,
FCTLOG,9977;20224854-0545;3322;10MLA27CDMOT01-B-2,LNK,,LNK908-221376LF,Passed,,20/08/2022 09:31:37,48.1062286,,FCT1,
FCTLOG,9977;20224854-0544;3322;10MLA27CDMOT01-B-2,LNK,,LNK908-221376LF,Passed,,20/08/2022 09:32:33,48.0241182,,FCT1,
FCTLOG,9977;20224854-0514;3322;10MLA27CDMOT01-B-2,LNK,,LNK908-221376LF,Passed,,20/08/2022 09:33:31,49.1715159,,FCT1,
FCTLOG,9977;20224854-0526;3322;10MLA27CDMOT01-B-2,LNK,,LNK908-221376LF,Passed,,20/08/2022 09:34:27,48.2010198,,FCT1,
FCTLOG,9977;20224854-0515;3322;10MLA27CDMOT01-B-2,LNK,,LNK908-221376LF,Passed,,20/08/2022 09:35:21,48.1957975,,FCT1,
FCTLOG,9977;20224854-0516;3322;10MLA27CDMOT01-B-2,LNK,,LNK908-221376LF,Passed,,20/08/2022 09:36:15,48.0767342,,FCT1,
FCTLOG,9977;20224854-0523;3322;10MLA27CDMOT01-B-2,LNK,,LNK908-221376LF,Passed,,20/08/2022 09:37:08,48.1187067,,FCT1,
FCTLOG,9977;20224854-0518;3322;10MLA27CDMOT01-B-2,LNK,,LNK908-221376LF,Passed,,20/08/2022 09:38:03,48.2739922,,FCT1,
FCTLOG,9977;20224854-0525;3322;10MLA27CDMOT01-B-2,LNK,,LNK908-221376LF,Passed,,20/08/2022 09:38:58,48.2402792,,FCT1,
FCTLOG,9977;20224854-0517;3322;10MLA27CDMOT01-B-2,LNK,,LNK908-221376LF,Passed,,20/08/2022 09:39:55,48.2591586,,FCT1,
FCTLOG,9977;20224854-0524;3322;10MLA27CDMOT01-B-2,LNK,,LNK908-221376LF,Passed,,20/08/2022 09:40:50,48.2133453,,FCT1,
FCTLOG,9977;20224854-0540;3322;10MLA27CDMOT01-B-2,LNK,,LNK908-221376LF,Passed,,20/08/2022 09:41:52,48.2484986,,FCT1,
FCTLOG,9977;20224854-0541;3322;10MLA27CDMOT01-B-2,LNK,,LNK908-221376LF,Passed,,20/08/2022 09:42:49,49.6703731,,FCT1,
FCTLOG,9977;20224854-0543;3322;10MLA27CDMOT01-B-2,LNK,,LNK908-221376LF,Passed,,20/08/2022 09:43:47,48.3896679,,FCT1,
FCTLOG,9977;20224854-0539;3322;10MLA27CDMOT01-B-2,LNK,,LNK908-221376LF,Passed,,20/08/2022 09:44:41,48.0086872,,FCT1,
FCTLOG,9977;20224854-0511;3322;10MLA27CDMOT01-B-2,LNK,,LNK908-221376LF,Passed,,20/08/2022 09:45:36,48.1377872,,FCT1,
FCTLOG,9977;20224854-0509;3322;10MLA27CDMOT01-B-2,LNK,,LNK908-221376LF,Passed,,20/08/2022 09:46:32,48.289285,,FCT1,
FCTLOG,9977;20224854-0510;3322;10MLA27CDMOT01-B-2,LNK,,LNK908-221376LF,Passed,,20/08/2022 09:47:27,48.237263,,FCT1,
FCTLOG,9977;20224854-0470;3322;10MLA27CDMOT01-B-2,LNK,,LNK908-221376LF,Passed,,20/08/2022 09:48:22,48.66941,,FCT1,
FCTLOG,9977;20224854-0512;3322;10MLA27CDMOT01-B-2,LNK,,LNK908-221376LF,Passed,,20/08/2022 09:49:16,48.5468468,,FCT1,
FCTLOG,9977;20224854-0506;3322;10MLA27CDMOT01-B-2,LNK,,LNK908-221376LF,Passed,,20/08/2022 09:50:17,48.3483338,,FCT1,
FCTLOG,9977;20224854-0507;3322;10MLA27CDMOT01-B-2,LNK,,LNK908-221376LF,Passed,,20/08/2022 09:51:12,48.3045429,,FCT1,
FCTLOG,9977;20224854-0471;3322;10MLA27CDMOT01-B-2,LNK,,LNK908-221376LF,Passed,,20/08/2022 09:52:08,48.1345543,,FCT1,
FCTLOG,9977;20224854-0487;3322;10MLA27CDMOT01-B-2,LNK,,LNK908-221376LF,Passed,,20/08/2022 09:53:02,48.3534412,,FCT1,
FCTLOG,9977;20224854-0542;3322;10MLA27CDMOT01-B-2,LNK,,LNK908-221376LF,Passed,,20/08/2022 09:53:58,48.2335336,,FCT1,
FCTLOG,9977;20224854-0508;3322;10MLA27CDMOT01-B-2,LNK,,LNK908-221376LF,Passed,,20/08/2022 09:54:54,49.1388528,,FCT1,
FCTLOG,9977;20224854-0472;3322;10MLA27CDMOT01-B-2,LNK,,LNK908-221376LF,Passed,,20/08/2022 09:55:56,48.1471659,,FCT1,
FCTLOG,9977;20224854-0488;3322;10MLA27CDMOT01-B-2,LNK,,LNK908-221376LF,Passed,,20/08/2022 09:56:51,48.8954084,,FCT1,
FCTLOG,9977;20224854-0505;3322;10MLA27CDMOT01-B-2,LNK,,LNK908-221376LF,Passed,,20/08/2022 09:57:46,48.2388116,,FCT1,
FCTLOG,9977;20224854-0489;3322;10MLA27CDMOT01-B-2,LNK,,LNK908-221376LF,Passed,,20/08/2022 09:58:50,48.0915451,,FCT1,
FCTLOG,9977;20224854-0503;3322;10MLA27CDMOT01-B-2,LNK,,LNK908-221376LF,Passed,,20/08/2022 09:59:47,48.1879518,,FCT1,
FCTLOG,9977;20224854-0490;3322;10MLA27CDMOT01-B-2,LNK,,LNK908-221376LF,Passed,,20/08/2022 10:00:42,47.866431,,FCT1,
FCTLOG,9977;20224854-0491;3322;10MLA27CDMOT01-B-2,LNK,,LNK908-221376LF,Passed,,20/08/2022 10:01:36,48.14997,,FCT1,
FCTLOG,9977;20224854-0492;3322;10MLA27CDMOT01-B-2,LNK,,LNK908-221376LF,Passed,,20/08/2022 10:02:31,48.1683049,,FCT1,
FCTLOG,9977;20224854-0493;3322;10MLA27CDMOT01-B-2,LNK,,LNK908-221376LF,Passed,,20/08/2022 10:03:25,48.2121868,,FCT1,
FCTLOG,9977;20224854-0477;3322;10MLA27CDMOT01-B-2,LNK,,LNK908-221376LF,Passed,,20/08/2022 10:05:21,48.9563323,,FCT1,
FCTLOG,9977;20224854-0478;3322;10MLA27CDMOT01-B-2,LNK,,LNK908-221376LF,FAIL_TS003 measure GND and J3/Pin5 : LNK908-221376LF,,20/08/2022 10:06:42,48.9165304,,FCT1,
FCTLOG,9977;20224854-0475;3322;10MLA27CDMOT01-B-2,LNK,,LNK908-221376LF,Passed,,20/08/2022 10:08:02,48.247313,,FCT1,
FCTLOG,9977;20224854-0474;3322;10MLA27CDMOT01-B-2,LNK,,LNK908-221376LF,Passed,,20/08/2022 10:09:27,55.2185067,,FCT1,
FCTLOG,9977;20224854-0478;3322;10MLA27CDMOT01-B-2,LNK,,LNK908-221376LF,FAIL_TS003 measure GND and J3/Pin5 : LNK908-221376LF,,20/08/2022 10:11:02,52.2307253,,FCT1,
FCTLOG,9977;20224854-0501;3322;10MLA27CDMOT01-B-2,LNK,,LNK908-221376LF,Passed,,20/08/2022 10:12:06,49.052137,,FCT1,
FCTLOG,9977;20224854-0473;3322;10MLA27CDMOT01-B-2,LNK,,LNK908-221376LF,Passed,,20/08/2022 10:13:31,48.8847634,,FCT1,
FCTLOG,9977;20224854-0479;3322;10MLA27CDMOT01-B-2,LNK,,LNK908-221376LF,Passed,,20/08/2022 10:14:28,48.1509351,,FCT1,
FCTLOG,9977;20224854-0480;3322;10MLA27CDMOT01-B-2,LNK,,LNK908-221376LF,Passed,,20/08/2022 10:15:22,48.8804195,,FCT1,
FCTLOG,9977;20224854-0481;3322;10MLA27CDMOT01-B-2,LNK,,LNK908-221376LF,Passed,,20/08/2022 10:16:22,48.5943255,,FCT1,
FCTLOG,9977;20224854-0482;3322;10MLA27CDMOT01-B-2,LNK,,LNK908-221376LF,Passed,,20/08/2022 10:17:17,48.3147757,,FCT1,
FCTLOG,9977;20224854-0496;3322;10MLA27CDMOT01-B-2,LNK,,LNK908-221376LF,Passed,,20/08/2022 10:18:19,48.5035204,,FCT1,
FCTLOG,9977;20224854-0495;3322;10MLA27CDMOT01-B-2,LNK,,LNK908-221376LF,Passed,,20/08/2022 10:20:00,48.8482958,,FCT1,
FCTLOG,9977;20224854-0502;3322;10MLA27CDMOT01-B-2,LNK,,LNK908-221376LF,Passed,,20/08/2022 10:20:58,48.2767562,,FCT1,
FCTLOG,9977;20224854-0538;3322;10MLA27CDMOT01-B-2,LNK,,LNK908-221376LF,Passed,,20/08/2022 10:21:53,48.2590132,,FCT1,
FCTLOG,9977;20224854-0537;3322;10MLA27CDMOT01-B-2,LNK,,LNK908-221376LF,Passed,,20/08/2022 10:23:21,66.1092739,,FCT1,
FCTLOG,9977;20224854-0494;3322;10MLA27CDMOT01-B-2,LNK,,LNK908-221376LF,Passed,,20/08/2022 10:24:18,48.313885,,FCT1,
FCTLOG,9977;20224854-0483;3322;10MLA27CDMOT01-B-2,LNK,,LNK908-221376LF,Passed,,20/08/2022 10:25:12,48.2402435,,FCT1,
FCTLOG,9977;20224854-0484;3322;10MLA27CDMOT01-B-2,LNK,,LNK908-221376LF,Passed,,20/08/2022 10:26:11,48.4320166,,FCT1,
FCTLOG,9977;20224854-0485;3322;10MLA27CDMOT01-B-2,LNK,,LNK908-221376LF,Passed,,20/08/2022 10:27:05,48.2132037,,FCT1,
FCTLOG,9977;20224854-0500;3322;10MLA27CDMOT01-B-2,LNK,,LNK908-221376LF,Passed,,20/08/2022 10:28:14,48.5497482,,FCT1,
FCTLOG,9977;20224854-0499;3322;10MLA27CDMOT01-B-2,LNK,,LNK908-221376LF,Passed,,20/08/2022 10:29:11,48.2353537,,FCT1,
FCTLOG,9977;20224854-0486;3322;10MLA27CDMOT01-B-2,LNK,,LNK908-221376LF,Passed,,20/08/2022 10:30:06,48.1472639,,FCT1,
FCTLOG,9977;20224854-0536;3322;10MLA27CDMOT01-B-2,LNK,,LNK908-221376LF,Passed,,20/08/2022 10:31:01,48.0826938,,FCT1,
FCTLOG,9977;20224854-0513;3322;10MLA27CDMOT01-B-2,LNK,,LNK908-221376LF,Passed,,20/08/2022 10:31:58,48.0641445,,FCT1,
FCTLOG,9977;20224854-0504;3322;10MLA27CDMOT01-B-2,LNK,,LNK908-221376LF,Passed,,20/08/2022 10:32:52,48.2663485,,FCT1,
FCTLOG,9977;20224854-0497;3322;10MLA27CDMOT01-B-2,LNK,,LNK908-221376LF,Passed,,20/08/2022 10:33:59,48.7347526,,FCT1,
FCTLOG,9977;20224854-0938;3322;10MLA27CDMOT01-B-2,LNK,,LNK908-221376LF,Passed,,20/08/2022 10:35:41,54.4159546,,FCT1,
FCTLOG,9977;20224854-0396;3322;10MLA27CDMOT01-B-2,LNK,,LNK908-221376LF,Passed,,20/08/2022 10:37:05,58.2951134,,FCT1,
FCTLOG,9977;20224854-0397;3322;10MLA27CDMOT01-B-2,LNK,,LNK908-221376LF,Passed,,20/08/2022 10:38:09,48.1503038,,FCT1,
FCTLOG,9977;20224854-0947;3322;10MLA27CDMOT01-B-2,LNK,,LNK908-221376LF,Passed,,20/08/2022 10:39:15,48.3197604,,FCT1,
FCTLOG,9977;20224854-0939;3322;10MLA27CDMOT01-B-2,LNK,,LNK908-221376LF,Passed,,20/08/2022 10:40:10,48.2036007,,FCT1,
FCTLOG,9977;20224854-0957;3322;10MLA27CDMOT01-B-2,LNK,,LNK908-221376LF,Passed,,20/08/2022 10:41:04,48.3185923,,FCT1,
FCTLOG,9977;20224854-0940;3322;10MLA27CDMOT01-B-2,LNK,,LNK908-221376LF,Passed,,20/08/2022 10:41:59,48.3034443,,FCT1,
FCTLOG,9977;20224854-0942;3322;10MLA27CDMOT01-B-2,LNK,,LNK908-221376LF,Passed,,20/08/2022 10:42:53,48.5453248,,FCT1,
FCTLOG,9977;20224854-0941;3322;10MLA27CDMOT01-B-2,LNK,,LNK908-221376LF,Passed,,20/08/2022 10:43:50,49.1652379,,FCT1,
FCTLOG,9977;20224854-0943;3322;10MLA27CDMOT01-B-2,LNK,,LNK908-221376LF,Passed,,20/08/2022 10:44:58,48.428932,,FCT1,
FCTLOG,9977;20224854-0944;3322;10MLA27CDMOT01-B-2,LNK,,LNK908-221376LF,Passed,,20/08/2022 10:45:53,48.2651713,,FCT1,
FCTLOG,9977;20224854-0949;3322;10MLA27CDMOT01-B-2,LNK,,LNK908-221376LF,Passed,,20/08/2022 10:46:48,48.3261185,,FCT1,
FCTLOG,9977;20224854-0951;3322;10MLA27CDMOT01-B-2,LNK,,LNK908-221376LF,Passed,,20/08/2022 10:47:43,48.1963447,,FCT1,
FCTLOG,9977;20224854-0945;3322;10MLA27CDMOT01-B-2,LNK,,LNK908-221376LF,Passed,,20/08/2022 10:48:38,48.4270704,,FCT1,
FCTLOG,9977;20224854-0950;3322;10MLA27CDMOT01-B-2,LNK,,LNK908-221376LF,Passed,,20/08/2022 10:49:34,48.4922116,,FCT1,
FCTLOG,9977;20224854-0952;3322;10MLA27CDMOT01-B-2,LNK,,LNK908-221376LF,Passed,,20/08/2022 10:50:29,48.6857255,,FCT1,
FCTLOG,9977;20224854-0953;3322;10MLA27CDMOT01-B-2,LNK,,LNK908-221376LF,Passed,,20/08/2022 10:51:25,49.3224499,,FCT1,
FCTLOG,9977;20224854-0946;3322;10MLA27CDMOT01-B-2,LNK,,LNK908-221376LF,Passed,,20/08/2022 10:52:45,55.5167064,,FCT1,
FCTLOG,9977;20224854-0954;3322;10MLA27CDMOT01-B-2,LNK,,LNK908-221376LF,Passed,,20/08/2022 10:53:52,48.2614435,,FCT1,
FCTLOG,9977;20224854-0958;3322;10MLA27CDMOT01-B-2,LNK,,LNK908-221376LF,Passed,,20/08/2022 10:55:02,48.354726,,FCT1,
FCTLOG,9977;20224854-0948;3322;10MLA27CDMOT01-B-2,LNK,,LNK908-221376LF,Passed,,20/08/2022 10:56:03,48.0552407,,FCT1,
FCTLOG,9977;20224854-0935;3322;10MLA27CDMOT01-B-2,LNK,,LNK908-221376LF,Passed,,20/08/2022 10:57:08,49.167964,,FCT1,
FCTLOG,9977;20224854-0955;3322;10MLA27CDMOT01-B-2,LNK,,LNK908-221376LF,Passed,,20/08/2022 10:58:27,48.6735587,,FCT1,
FCTLOG,9977;20224854-0956;3322;10MLA27CDMOT01-B-2,LNK,,LNK908-221376LF,FAIL_TS003 measure GND and J3/Pin5 : LNK908-221376LF,,20/08/2022 10:59:39,48.9432,,FCT1,
FCTLOG,9977;20224854-0902;3322;10MLA27CDMOT01-B-2,LNK,,LNK908-221376LF,Passed,,20/08/2022 11:00:43,48.2153177,,FCT1,
FCTLOG,9977;20224854-0956;3322;10MLA27CDMOT01-B-2,LNK,,LNK908-221376LF,FAIL_TS003 measure GND and J3/Pin5 : LNK908-221376LF,,20/08/2022 11:01:45,48.8698764,,FCT1,
FCTLOG,9977;20224854-0903;3322;10MLA27CDMOT01-B-2,LNK,,LNK908-221376LF,Passed,,20/08/2022 11:02:49,48.8684415,,FCT1,
FCTLOG,9977;20224854-0904;3322;10MLA27CDMOT01-B-2,LNK,,LNK908-221376LF,Passed,,20/08/2022 11:03:45,48.4057251,,FCT1,
FCTLOG,9977;20224854-0905;3322;10MLA27CDMOT01-B-2,LNK,,LNK908-221376LF,Passed,,20/08/2022 11:05:05,62.1231487,,FCT1,
FCTLOG,9977;20224854-0906;3322;10MLA27CDMOT01-B-2,LNK,,LNK908-221376LF,Passed,,20/08/2022 11:06:09,48.2942848,,FCT1,
FCTLOG,9977;20224854-0907;3322;10MLA27CDMOT01-B-2,LNK,,LNK908-221376LF,Passed,,20/08/2022 11:07:03,48.1223978,,FCT1,
FCTLOG,9977;20224854-0908;3322;10MLA27CDMOT01-B-2,LNK,,LNK908-221376LF,Passed,,20/08/2022 11:07:58,48.2188602,,FCT1,
FCTLOG,9977;20224854-0918;3322;10MLA27CDMOT01-B-2,LNK,,LNK908-221376LF,Passed,,20/08/2022 11:19:39,50.3812833,,FCT1,
FCTLOG,9977;20224854-0909;3322;10MLA27CDMOT01-B-2,LNK,,LNK908-221376LF,Passed,,20/08/2022 11:21:01,50.2249536,,FCT1,
FCTLOG,9977;20224854-0913;3322;10MLA27CDMOT01-B-2,LNK,,LNK908-221376LF,Passed,,20/08/2022 11:23:12,49.775007,,FCT1,
FCTLOG,9977;20224854-0912;3322;10MLA27CDMOT01-B-2,LNK,,LNK908-221376LF,Passed,,20/08/2022 11:25:08,49.4278461,,FCT1,
FCTLOG,9977;20224854-0914;3322;10MLA27CDMOT01-B-2,LNK,,LNK908-221376LF,Passed,,20/08/2022 11:26:59,68.6924725,,FCT1,
FCTLOG,9977;20224854-0911;3322;10MLA27CDMOT01-B-2,LNK,,LNK908-221376LF,Passed,,20/08/2022 11:28:35,66.1137956,,FCT1,
FCTLOG,9977;20224854-0910;3322;10MLA27CDMOT01-B-2,LNK,,LNK908-221376LF,Passed,,20/08/2022 11:29:59,56.5816461,,FCT1,
FCTLOG,9977;20224854-0915;3322;10MLA27CDMOT01-B-2,LNK,,LNK908-221376LF,Passed,,20/08/2022 11:31:10,48.902824,,FCT1,
FCTLOG,9977;20224854-0916;3322;10MLA27CDMOT01-B-2,LNK,,LNK908-221376LF,Passed,,20/08/2022 11:32:20,48.6939013,,FCT1,
FCTLOG,9977;20224854-0917;3322;10MLA27CDMOT01-B-2,LNK,,LNK908-221376LF,Passed,,20/08/2022 11:33:47,49.0304424,,FCT1,
FCTLOG,9977;20224854-0920;3322;10MLA27CDMOT01-B-2,LNK,,LNK908-221376LF,Passed,,20/08/2022 11:35:03,48.2918935,,FCT1,
FCTLOG,9977;20224854-0919;3322;10MLA27CDMOT01-B-2,LNK,,LNK908-221376LF,Passed,,20/08/2022 11:40:03,56.6539774,,FCT1,
FCTLOG,9977;20224854-0921;3322;10MLA27CDMOT01-B-2,LNK,,LNK908-221376LF,Passed,,20/08/2022 11:41:12,48.9512094,,FCT1,
FCTLOG,9977;20224854-0930;3322;10MLA27CDMOT01-B-2,LNK,,LNK908-221376LF,Passed,,20/08/2022 11:42:24,52.7470786,,FCT1,
FCTLOG,9977;20224854-0922;3322;10MLA27CDMOT01-B-2,LNK,,LNK908-221376LF,Passed,,20/08/2022 11:43:36,52.8036702,,FCT1,
FCTLOG,9977;20224854-0923;3322;10MLA27CDMOT01-B-2,LNK,,LNK908-221376LF,Passed,,20/08/2022 11:44:43,48.4604188,,FCT1,
FCTLOG,9977;20224854-0924;3322;10MLA27CDMOT01-B-2,LNK,,LNK908-221376LF,Passed,,20/08/2022 11:45:53,48.3707778,,FCT1,
FCTLOG,9977;20224854-0925;3322;10MLA27CDMOT01-B-2,LNK,,LNK908-221376LF,Passed,,20/08/2022 11:47:08,49.0307623,,FCT1,
FCTLOG,9977;20224854-0926;3322;10MLA27CDMOT01-B-2,LNK,,LNK908-221376LF,Passed,,20/08/2022 11:48:40,69.634585,,FCT1,
FCTLOG,9977;20224854-0927;3322;10MLA27CDMOT01-B-2,LNK,,LNK908-221376LF,Passed,,20/08/2022 11:50:30,50.8487471,,FCT1,
FCTLOG,9977;20224854-0928;3322;10MLA27CDMOT01-B-2,LNK,,LNK908-221376LF,Passed,,20/08/2022 11:51:42,48.6799554,,FCT1,
FCTLOG,9977;20224854-0929;3322;10MLA27CDMOT01-B-2,LNK,,LNK908-221376LF,Passed,,20/08/2022 11:53:13,62.0242621,,FCT1,
FCTLOG,9977;20224854-0931;3322;10MLA27CDMOT01-B-2,LNK,,LNK908-221376LF,Passed,,20/08/2022 11:54:30,50.2315295,,FCT1,
FCTLOG,9977;20224854-0932;3322;10MLA27CDMOT01-B-2,LNK,,LNK908-221376LF,Passed,,20/08/2022 11:55:44,48.8273022,,FCT1,
FCTLOG,9977;20224854-0933;3322;10MLA27CDMOT01-B-2,LNK,,LNK908-221376LF,Passed,,20/08/2022 11:56:50,48.8406723,,FCT1,
FCTLOG,9977;20224854-0934;3322;10MLA27CDMOT01-B-2,LNK,,LNK908-221376LF,Passed,,20/08/2022 11:58:01,48.7135358,,FCT1,
FCTLOG,9977;20224854-0857;3322;10MLA27CDMOT01-B-2,LNK,,LNK908-221376LF,Passed,,20/08/2022 11:59:14,48.6781378,,FCT1,
FCTLOG,9977;20224854-0858;3322;10MLA27CDMOT01-B-2,LNK,,LNK908-221376LF,Passed,,20/08/2022 12:00:33,57.1853936,,FCT1,
FCTLOG,9977;20224854-0859;3322;10MLA27CDMOT01-B-2,LNK,,LNK908-221376LF,Passed,,20/08/2022 12:01:59,56.3463877,,FCT1,
FCTLOG,9977;20224854-0860;3322;10MLA27CDMOT01-B-2,LNK,,LNK908-221376LF,Passed,,20/08/2022 12:03:11,50.7654669,,FCT1,
FCTLOG,9977;20224854-0861;3322;10MLA27CDMOT01-B-2,LNK,,LNK908-221376LF,Passed,,20/08/2022 12:04:19,50.3113106,,FCT1,
FCTLOG,9977;20224854-0862;3322;10MLA27CDMOT01-B-2,LNK,,LNK908-221376LF,Passed,,20/08/2022 12:05:25,48.186243,,FCT1,
FCTLOG,9977;20224854-0867;3322;10MLA27CDMOT01-B-2,LNK,,LNK908-221376LF,Passed,,20/08/2022 12:06:34,48.6177297,,FCT1,
FCTLOG,9977;20224854-0866;3322;10MLA27CDMOT01-B-2,LNK,,LNK908-221376LF,Passed,,20/08/2022 12:07:40,48.4670247,,FCT1,
FCTLOG,9977;20224854-0863;3322;10MLA27CDMOT01-B-2,LNK,,LNK908-221376LF,Passed,,20/08/2022 12:08:56,48.567682,,FCT1,
FCTLOG,9977;20224854-0865;3322;10MLA27CDMOT01-B-2,LNK,,LNK908-221376LF,Passed,,20/08/2022 12:10:02,48.4730356,,FCT1,
FCTLOG,9977;20224854-0864;3322;10MLA27CDMOT01-B-2,LNK,,LNK908-221376LF,Passed,,20/08/2022 12:11:08,48.6239602,,FCT1,
FCTLOG,9977;20224854-0873;3322;10MLA27CDMOT01-B-2,LNK,,LNK908-221376LF,Passed,,20/08/2022 12:12:15,50.7147957,,FCT1,
FCTLOG,9977;20224854-0874;3322;10MLA27CDMOT01-B-2,LNK,,LNK908-221376LF,Passed,,20/08/2022 12:13:23,48.3480854,,FCT1,
FCTLOG,9977;20224854-0875;3322;10MLA27CDMOT01-B-2,LNK,,LNK908-221376LF,Passed,,20/08/2022 12:14:33,48.8436083,,FCT1,
FCTLOG,9977;20224854-0876;3322;10MLA27CDMOT01-B-2,LNK,,LNK908-221376LF,Passed,,20/08/2022 12:15:47,48.5480956,,FCT1,
FCTLOG,9977;20224854-0877;3322;10MLA27CDMOT01-B-2,LNK,,LNK908-221376LF,Passed,,20/08/2022 12:16:54,49.3588615,,FCT1,
FCTLOG,9977;20224854-0887;3322;10MLA27CDMOT01-B-2,LNK,,LNK908-221376LF,Passed,,20/08/2022 12:18:03,48.641848,,FCT1,
FCTLOG,9977;20224854-0883;3322;10MLA27CDMOT01-B-2,LNK,,LNK908-221376LF,Passed,,20/08/2022 12:19:21,48.2480502,,FCT1,
FCTLOG,9977;20224854-0884;3322;10MLA27CDMOT01-B-2,LNK,,LNK908-221376LF,Passed,,20/08/2022 12:20:16,48.0644381,,FCT1,
FCTLOG,9977;20224854-0885;3322;10MLA27CDMOT01-B-2,LNK,,LNK908-221376LF,Passed,,20/08/2022 12:21:12,48.2635626,,FCT1,
FCTLOG,9977;20224854-0886;3322;10MLA27CDMOT01-B-2,LNK,,LNK908-221376LF,Passed,,20/08/2022 12:23:02,88.4677396,,FCT1,
FCTLOG,9977;20224854-0868;3322;10MLA27CDMOT01-B-2,LNK,,LNK908-221376LF,Passed,,20/08/2022 12:27:49,63.429363,,FCT1,
FCTLOG,9977;20224854-0878;3322;10MLA27CDMOT01-B-2,LNK,,LNK908-221376LF,Passed,,20/08/2022 12:28:44,47.9789159,,FCT1,
